CIRC;CANTON;BUREAU;INSCRITS;VOTANTS;%;NULS;%;EXPRIMES;%;ABSTENTIONS;%;Lutte Ouvrière;%;Toulouse Autrement;%;Toulouse Pour Tous, osons aller plus loin ensemble;%;Toulouse Rassemblée;%;Debout ! Ensemble, la gauche qui ne renonce pas;%;100% Pour Toulouse;%;L'autre Liste;%;Pour la renationalisation d'Airbus, pour la laïcité, contre les directives de l'union européenne;%
1;1;1;1047;537;98.51;8;98.51;529;98.51;510;98.51;6;98.51;42;98.51;242;98.51;180;98.51;25;98.51;4;98.51;30;98.51;0;98.51
1;7;101;1121;649;98.0;13;98.0;636;98.0;472;98.0;4;98.0;40;98.0;235;98.0;243;98.0;62;98.0;5;98.0;46;98.0;1;98.0
3;9;138A;962;642;98.44;10;98.44;632;98.44;320;98.44;3;98.44;29;98.44;315;98.44;235;98.44;21;98.44;0;98.44;28;98.44;1;98.44
1;4;56;1014;577;97.57;14;97.57;563;97.57;437;97.57;3;97.57;44;97.57;227;97.57;201;97.57;46;97.57;4;97.57;36;97.57;2;97.57
3;10;153;804;273;95.97;11;95.97;262;95.97;531;95.97;5;95.97;6;95.97;64;95.97;154;95.97;16;95.97;5;95.97;8;95.97;4;95.97
3;10;158;1132;651;98.31;11;98.31;640;98.31;481;98.31;4;98.31;17;98.31;233;98.31;300;98.31;44;98.31;3;98.31;37;98.31;2;98.31
3;10;161;1008;635;97.95;13;97.95;622;97.95;373;97.95;6;97.95;35;97.95;251;97.95;272;97.95;24;97.95;11;97.95;20;97.95;3;97.95
4;2;025A;1001;575;97.57;14;97.57;561;97.57;426;97.57;6;97.57;36;97.57;196;97.57;254;97.57;29;97.57;10;97.57;29;97.57;1;97.57
4;3;50;997;624;97.44;16;97.44;608;97.44;373;97.44;4;97.44;31;97.44;208;97.44;286;97.44;27;97.44;6;97.44;44;97.44;2;97.44
4;11;178;659;330;96.67;11;96.67;319;96.67;329;96.67;1;96.67;13;96.67;114;96.67;145;96.67;15;96.67;8;96.67;22;96.67;1;96.67
6;12;186;1046;372;98.12;7;98.12;365;98.12;674;98.12;9;98.12;18;98.12;76;98.12;212;98.12;24;98.12;9;98.12;16;98.12;1;98.12
6;12;195B;994;663;99.25;5;99.25;658;99.25;331;99.25;4;99.25;28;99.25;271;99.25;276;99.25;39;99.25;4;99.25;35;99.25;1;99.25
1;1;3;831;458;98.47;7;98.47;451;98.47;373;98.47;1;98.47;35;98.47;271;98.47;117;98.47;11;98.47;1;98.47;15;98.47;0;98.47
1;1;16;901;555;99.1;5;99.1;550;99.1;346;99.1;4;99.1;27;99.1;267;99.1;163;99.1;40;99.1;1;99.1;46;99.1;2;99.1
1;4;69;1002;585;98.12;11;98.12;574;98.12;417;98.12;5;98.12;34;98.12;273;98.12;199;98.12;27;98.12;5;98.12;30;98.12;1;98.12
2;15;220;1062;602;95.51;27;95.51;575;95.51;460;95.51;5;95.51;38;95.51;258;95.51;211;95.51;21;95.51;7;95.51;30;95.51;5;95.51
2;15;222;1107;621;96.62;21;96.62;600;96.62;486;96.62;9;96.62;24;96.62;248;96.62;255;96.62;30;96.62;13;96.62;20;96.62;1;96.62
3;9;138;898;611;98.53;9;98.53;602;98.53;287;98.53;1;98.53;36;98.53;310;98.53;210;98.53;20;98.53;1;98.53;24;98.53;0;98.53
3;10;149;986;559;98.21;10;98.21;549;98.21;427;98.21;3;98.21;25;98.21;220;98.21;222;98.21;35;98.21;6;98.21;35;98.21;3;98.21
3;10;165A;898;633;98.26;11;98.26;622;98.26;265;98.26;4;98.26;40;98.26;296;98.26;239;98.26;24;98.26;2;98.26;17;98.26;0;98.26
4;3;33;985;617;98.87;7;98.87;610;98.87;368;98.87;7;98.87;37;98.87;216;98.87;263;98.87;27;98.87;4;98.87;51;98.87;5;98.87
4;3;36;838;481;98.34;8;98.34;473;98.34;357;98.34;8;98.34;26;98.34;223;98.34;157;98.34;24;98.34;1;98.34;32;98.34;2;98.34
4;3;41;1085;663;98.19;12;98.19;651;98.19;422;98.19;8;98.19;48;98.19;234;98.19;273;98.19;28;98.19;3;98.19;56;98.19;1;98.19
4;3;48;988;556;98.38;9;98.38;547;98.38;432;98.38;5;98.38;19;98.38;211;98.38;229;98.38;39;98.38;5;98.38;38;98.38;1;98.38
4;3;49;568;344;96.51;12;96.51;332;96.51;224;96.51;6;96.51;14;96.51;116;96.51;161;96.51;14;96.51;1;96.51;18;96.51;2;96.51
6;12;198;1171;691;98.41;11;98.41;680;98.41;480;98.41;8;98.41;46;98.41;299;98.41;244;98.41;36;98.41;10;98.41;32;98.41;5;98.41
6;12;201A;885;554;98.56;8;98.56;546;98.56;331;98.56;2;98.56;45;98.56;279;98.56;177;98.56;16;98.56;3;98.56;24;98.56;0;98.56
1;1;010A;975;541;97.6;13;97.6;528;97.6;434;97.6;3;97.6;38;97.6;209;97.6;193;97.6;34;97.6;6;97.6;45;97.6;0;97.6
1;5;78;931;589;98.13;11;98.13;578;98.13;342;98.13;5;98.13;41;98.13;266;98.13;191;98.13;34;98.13;1;98.13;38;98.13;2;98.13
1;7;114;926;417;98.32;7;98.32;410;98.32;509;98.32;3;98.32;18;98.32;163;98.32;186;98.32;18;98.32;6;98.32;15;98.32;1;98.32
2;6;99;926;504;98.02;10;98.02;494;98.02;422;98.02;4;98.02;24;98.02;174;98.02;233;98.02;23;98.02;7;98.02;27;98.02;2;98.02
2;8;124A;918;572;98.6;8;98.6;564;98.6;346;98.6;2;98.6;36;98.6;291;98.6;191;98.6;13;98.6;9;98.6;22;98.6;0;98.6
2;15;216;1310;639;97.03;19;97.03;620;97.03;671;97.03;10;97.03;36;97.03;220;97.03;280;97.03;35;97.03;6;97.03;32;97.03;1;97.03
2;15;223;1182;663;97.89;14;97.89;649;97.89;519;97.89;5;97.89;28;97.89;292;97.89;260;97.89;29;97.89;4;97.89;30;97.89;1;97.89
3;10;152;1008;438;98.17;8;98.17;430;98.17;570;98.17;8;98.17;24;98.17;146;98.17;186;98.17;27;98.17;6;98.17;31;98.17;2;98.17
4;2;18;1170;662;98.49;10;98.49;652;98.49;508;98.49;5;98.49;36;98.49;300;98.49;237;98.49;27;98.49;8;98.49;37;98.49;2;98.49
4;3;47;997;641;98.91;7;98.91;634;98.91;356;98.91;3;98.91;34;98.91;234;98.91;283;98.91;36;98.91;3;98.91;41;98.91;0;98.91
5;14;211A;1171;620;97.26;17;97.26;603;97.26;551;97.26;8;97.26;31;97.26;255;97.26;245;97.26;23;97.26;8;97.26;33;97.26;0;97.26
6;12;193;683;315;97.78;7;97.78;308;97.78;368;97.78;7;97.78;13;97.78;120;97.78;129;97.78;19;97.78;4;97.78;16;97.78;0;97.78
6;12;193A;840;419;97.85;9;97.85;410;97.85;421;97.85;6;97.85;18;97.85;149;97.85;168;97.85;28;97.85;11;97.85;29;97.85;1;97.85
1;1;6;995;542;99.45;3;99.45;539;99.45;453;99.45;3;99.45;48;99.45;185;99.45;217;99.45;32;99.45;3;99.45;51;99.45;0;99.45
1;1;7;959;530;99.25;4;99.25;526;99.25;429;99.25;2;99.25;43;99.25;181;99.25;209;99.25;40;99.25;2;99.25;49;99.25;0;99.25
1;4;60;1042;631;98.1;12;98.1;619;98.1;411;98.1;11;98.1;38;98.1;247;98.1;248;98.1;40;98.1;4;98.1;28;98.1;3;98.1
1;7;100;1038;549;99.64;2;99.64;547;99.64;489;99.64;7;99.64;33;99.64;136;99.64;271;99.64;53;99.64;2;99.64;42;99.64;3;99.64
1;7;113A;981;578;97.92;12;97.92;566;97.92;403;97.92;3;97.92;21;97.92;269;97.92;227;97.92;17;97.92;2;97.92;25;97.92;2;97.92
1;7;117;901;524;97.33;14;97.33;510;97.33;377;97.33;6;97.33;21;97.33;227;97.33;197;97.33;28;97.33;2;97.33;29;97.33;0;97.33
3;9;139;969;556;96.76;18;96.76;538;96.76;413;96.76;3;96.76;29;96.76;240;96.76;218;96.76;22;96.76;3;96.76;19;96.76;4;96.76
3;10;156;872;448;95.76;19;95.76;429;95.76;424;95.76;3;95.76;17;95.76;175;95.76;192;95.76;16;95.76;5;95.76;19;95.76;2;95.76
3;10;162;1037;592;97.3;16;97.3;576;97.3;445;97.3;2;97.3;27;97.3;220;97.3;260;97.3;40;97.3;1;97.3;26;97.3;0;97.3
3;10;163;1059;586;97.95;12;97.95;574;97.95;473;97.95;4;97.95;29;97.95;209;97.95;292;97.95;20;97.95;3;97.95;17;97.95;0;97.95
4;3;51;1057;628;98.09;12;98.09;616;98.09;429;98.09;6;98.09;40;98.09;242;98.09;261;98.09;25;98.09;6;98.09;35;98.09;1;98.09
4;11;177;785;406;94.33;23;94.33;383;94.33;379;94.33;6;94.33;18;94.33;160;94.33;147;94.33;20;94.33;8;94.33;23;94.33;1;94.33
1;1;2;819;466;99.14;4;99.14;462;99.14;353;99.14;2;99.14;37;99.14;203;99.14;147;99.14;33;99.14;1;99.14;39;99.14;0;99.14
1;1;10;977;521;99.23;4;99.23;517;99.23;456;99.23;0;99.23;33;99.23;247;99.23;185;99.23;18;99.23;8;99.23;26;99.23;0;99.23
1;4;64;1011;624;98.08;12;98.08;612;98.08;387;98.08;6;98.08;37;98.08;235;98.08;240;98.08;38;98.08;7;98.08;48;98.08;1;98.08
1;4;67;907;503;99.01;5;99.01;498;99.01;404;99.01;2;99.01;39;99.01;188;99.01;192;99.01;41;99.01;0;99.01;34;99.01;2;99.01
4;3;39;1084;619;98.22;11;98.22;608;98.22;465;98.22;6;98.22;37;98.22;221;98.22;264;98.22;35;98.22;4;98.22;41;98.22;0;98.22
4;3;43;1006;640;98.75;8;98.75;632;98.75;366;98.75;2;98.75;25;98.75;244;98.75;264;98.75;34;98.75;6;98.75;54;98.75;3;98.75
4;3;46;997;607;97.69;14;97.69;593;97.69;390;97.69;3;97.69;41;97.69;258;97.69;221;97.69;36;97.69;2;97.69;31;97.69;1;97.69
4;11;168;998;608;94.57;33;94.57;575;94.57;390;94.57;12;94.57;17;94.57;205;94.57;288;94.57;26;94.57;8;94.57;19;94.57;0;94.57
6;12;195;805;443;98.42;7;98.42;436;98.42;362;98.42;1;98.42;24;98.42;208;98.42;170;98.42;13;98.42;3;98.42;17;98.42;0;98.42
1;1;9;967;566;98.59;8;98.59;558;98.59;401;98.59;2;98.59;48;98.59;253;98.59;177;98.59;30;98.59;1;98.59;41;98.59;6;98.59
1;4;65;870;505;98.02;10;98.02;495;98.02;365;98.02;7;98.02;31;98.02;219;98.02;186;98.02;24;98.02;3;98.02;22;98.02;3;98.02
1;4;067A;901;561;98.22;10;98.22;551;98.22;340;98.22;2;98.22;36;98.22;222;98.22;226;98.22;28;98.22;1;98.22;35;98.22;1;98.22
1;5;80;1057;521;97.7;12;97.7;509;97.7;536;97.7;0;97.7;28;97.7;230;97.7;181;97.7;36;97.7;4;97.7;29;97.7;1;97.7
2;8;119;930;582;97.77;13;97.77;569;97.77;348;97.77;2;97.77;34;97.77;338;97.77;157;97.77;16;97.77;0;97.77;20;97.77;2;97.77
2;8;120;959;559;97.67;13;97.67;546;97.67;400;97.67;3;97.67;31;97.67;298;97.67;152;97.67;21;97.67;4;97.67;32;97.67;5;97.67
2;15;225;1087;622;97.43;16;97.43;606;97.43;465;97.43;8;97.43;29;97.43;232;97.43;272;97.43;33;97.43;3;97.43;26;97.43;3;97.43
3;9;132;985;542;97.23;15;97.23;527;97.23;443;97.23;5;97.23;34;97.23;259;97.23;185;97.23;14;97.23;5;97.23;21;97.23;4;97.23
3;9;140;939;541;97.41;14;97.41;527;97.41;398;97.41;3;97.41;33;97.41;284;97.41;169;97.41;16;97.41;3;97.41;18;97.41;1;97.41
3;9;144A;989;594;97.31;16;97.31;578;97.31;395;97.31;6;97.31;37;97.31;271;97.31;203;97.31;27;97.31;2;97.31;28;97.31;4;97.31
3;10;150;1115;670;98.21;12;98.21;658;98.21;445;98.21;6;98.21;44;98.21;223;98.21;292;98.21;44;98.21;4;98.21;42;98.21;3;98.21
3;10;155;795;349;97.13;10;97.13;339;97.13;446;97.13;4;97.13;24;97.13;120;97.13;143;97.13;24;97.13;5;97.13;19;97.13;0;97.13
4;2;21;914;548;97.81;12;97.81;536;97.81;366;97.81;0;97.81;46;97.81;339;97.81;103;97.81;13;97.81;7;97.81;24;97.81;4;97.81
5;13;202;1288;615;97.72;14;97.72;601;97.72;673;97.72;5;97.72;38;97.72;255;97.72;244;97.72;25;97.72;6;97.72;27;97.72;1;97.72
5;14;207;963;591;98.31;10;98.31;581;98.31;372;98.31;5;98.31;36;98.31;239;98.31;243;98.31;33;98.31;3;98.31;21;98.31;1;98.31
6;12;194;832;455;96.7;15;96.7;440;96.7;377;96.7;6;96.7;21;96.7;150;96.7;200;96.7;21;96.7;4;96.7;38;96.7;0;96.7
1;5;83;1003;620;97.42;16;97.42;604;97.42;383;97.42;0;97.42;44;97.42;309;97.42;183;97.42;24;97.42;3;97.42;39;97.42;2;97.42
1;5;84;1145;694;98.13;13;98.13;681;98.13;451;98.13;4;98.13;36;98.13;297;98.13;251;98.13;28;98.13;3;98.13;58;98.13;4;98.13
2;8;118;1071;645;98.6;9;98.6;636;98.6;426;98.6;0;98.6;43;98.6;326;98.6;209;98.6;29;98.6;4;98.6;23;98.6;2;98.6
3;10;157;1183;680;96.62;23;96.62;657;96.62;503;96.62;2;96.62;32;96.62;259;96.62;288;96.62;36;96.62;3;96.62;34;96.62;3;96.62
4;2;19;1049;634;99.05;6;99.05;628;99.05;415;99.05;0;99.05;43;99.05;323;99.05;211;99.05;22;99.05;0;99.05;29;99.05;0;99.05
4;2;27;1003;615;97.4;16;97.4;599;97.4;388;97.4;7;97.4;34;97.4;300;97.4;190;97.4;33;97.4;4;97.4;29;97.4;2;97.4
4;11;167;1030;573;98.08;11;98.08;562;98.08;457;98.08;9;98.08;29;98.08;223;98.08;218;98.08;33;98.08;8;98.08;37;98.08;5;98.08
5;14;209;1260;644;97.98;13;97.98;631;97.98;616;97.98;8;97.98;43;97.98;229;97.98;265;97.98;46;97.98;8;97.98;32;97.98;0;97.98
1;1;11;1101;665;99.1;6;99.1;659;99.1;436;99.1;2;99.1;53;99.1;334;99.1;188;99.1;36;99.1;8;99.1;37;99.1;1;99.1
1;4;55;990;588;98.64;8;98.64;580;98.64;402;98.64;3;98.64;50;98.64;233;98.64;223;98.64;28;98.64;1;98.64;42;98.64;0;98.64
1;4;66;817;487;98.97;5;98.97;482;98.97;330;98.97;1;98.97;39;98.97;210;98.97;175;98.97;24;98.97;5;98.97;27;98.97;1;98.97
1;5;86;1174;648;97.99;13;97.99;635;97.99;526;97.99;3;97.99;47;97.99;223;97.99;259;97.99;45;97.99;3;97.99;55;97.99;0;97.99
1;7;105;904;500;97.6;12;97.6;488;97.6;404;97.6;5;97.6;24;97.6;206;97.6;198;97.6;24;97.6;10;97.6;19;97.6;2;97.6
1;7;106;971;473;96.41;17;96.41;456;96.41;498;96.41;9;96.41;18;96.41;183;96.41;204;96.41;23;96.41;2;96.41;15;96.41;2;96.41
1;7;115;721;407;99.02;4;99.02;403;99.02;314;99.02;5;99.02;22;99.02;174;99.02;174;99.02;11;99.02;8;99.02;9;99.02;0;99.02
2;6;89;1033;555;95.5;25;95.5;530;95.5;478;95.5;0;95.5;26;95.5;254;95.5;196;95.5;25;95.5;5;95.5;22;95.5;2;95.5
3;9;147;976;614;98.37;10;98.37;604;98.37;362;98.37;0;98.37;33;98.37;254;98.37;253;98.37;25;98.37;3;98.37;35;98.37;1;98.37
4;11;173;931;459;96.51;16;96.51;443;96.51;472;96.51;13;96.51;18;96.51;179;96.51;175;96.51;16;96.51;7;96.51;27;96.51;8;96.51
6;12;185;825;337;99.41;2;99.41;335;99.41;488;99.41;8;99.41;21;99.41;109;99.41;152;99.41;21;99.41;12;99.41;12;99.41;0;99.41
6;12;189;848;389;99.49;2;99.49;387;99.49;459;99.49;5;99.49;26;99.49;127;99.49;179;99.49;22;99.49;6;99.49;21;99.49;1;99.49
6;12;191;880;306;99.67;1;99.67;305;99.67;574;99.67;3;99.67;8;99.67;47;99.67;199;99.67;25;99.67;9;99.67;11;99.67;3;99.67
1;1;13;994;592;98.82;7;98.82;585;98.82;402;98.82;3;98.82;32;98.82;223;98.82;228;98.82;42;98.82;2;98.82;51;98.82;4;98.82
1;4;54;967;520;98.27;9;98.27;511;98.27;447;98.27;7;98.27;34;98.27;189;98.27;203;98.27;33;98.27;2;98.27;41;98.27;2;98.27
1;5;73;1170;672;99.26;5;99.26;667;99.26;498;99.26;7;99.26;41;99.26;276;99.26;246;99.26;36;99.26;2;99.26;57;99.26;2;99.26
1;5;77;912;534;97.38;14;97.38;520;97.38;378;97.38;2;97.38;42;97.38;235;97.38;180;97.38;18;97.38;6;97.38;36;97.38;1;97.38
2;8;124;984;647;99.23;5;99.23;642;99.23;337;99.23;5;99.23;45;99.23;353;99.23;206;99.23;16;99.23;2;99.23;13;99.23;2;99.23
3;9;131;966;587;97.79;13;97.79;574;97.79;379;97.79;4;97.79;24;97.79;289;97.79;210;97.79;18;97.79;5;97.79;23;97.79;1;97.79
3;9;134;800;519;98.65;7;98.65;512;98.65;281;98.65;2;98.65;26;98.65;304;98.65;158;98.65;9;98.65;1;98.65;11;98.65;1;98.65
4;3;044A;1134;657;97.56;16;97.56;641;97.56;477;97.56;3;97.56;42;97.56;259;97.56;261;97.56;26;97.56;6;97.56;41;97.56;3;97.56
4;3;049A;822;515;97.67;12;97.67;503;97.67;307;97.67;4;97.67;37;97.67;236;97.67;175;97.67;15;97.67;6;97.67;27;97.67;3;97.67
5;14;208;949;591;97.97;12;97.97;579;97.97;358;97.97;14;97.97;38;97.97;248;97.97;213;97.97;23;97.97;5;97.97;36;97.97;2;97.97
1;4;53;1030;584;98.12;11;98.12;573;98.12;446;98.12;4;98.12;27;98.12;249;98.12;232;98.12;29;98.12;2;98.12;29;98.12;1;98.12
1;4;71;955;580;95.34;27;95.34;553;95.34;375;95.34;11;95.34;25;95.34;210;95.34;239;95.34;29;95.34;2;95.34;34;95.34;3;95.34
1;7;116;877;492;98.37;8;98.37;484;98.37;385;98.37;10;98.37;17;98.37;190;98.37;225;98.37;21;98.37;1;98.37;17;98.37;3;98.37
2;6;96;973;575;96.35;21;96.35;554;96.35;398;96.35;6;96.35;30;96.35;202;96.35;222;96.35;44;96.35;5;96.35;42;96.35;3;96.35
2;6;97;1122;650;97.23;18;97.23;632;97.23;472;97.23;6;97.23;32;97.23;237;97.23;289;97.23;35;97.23;4;97.23;25;97.23;4;97.23
4;2;32;828;528;98.11;10;98.11;518;98.11;300;98.11;1;98.11;33;98.11;337;98.11;111;98.11;20;98.11;0;98.11;15;98.11;1;98.11
4;11;175;841;359;98.33;6;98.33;353;98.33;482;98.33;5;98.33;17;98.33;122;98.33;151;98.33;25;98.33;14;98.33;15;98.33;4;98.33
5;13;203A;1093;639;99.37;4;99.37;635;99.37;454;99.37;3;99.37;33;99.37;305;99.37;252;99.37;10;99.37;7;99.37;23;99.37;2;99.37
6;12;195A;1175;631;97.94;13;97.94;618;97.94;544;97.94;8;97.94;31;97.94;231;97.94;291;97.94;25;97.94;4;97.94;24;97.94;4;97.94
6;12;197;1046;689;98.84;8;98.84;681;98.84;357;98.84;10;98.84;54;98.84;303;98.84;236;98.84;37;98.84;1;98.84;35;98.84;5;98.84
1;4;62;983;547;99.45;3;99.45;544;99.45;436;99.45;5;99.45;29;99.45;235;99.45;209;99.45;25;99.45;7;99.45;34;99.45;0;99.45
2;6;90;1077;580;98.28;10;98.28;570;98.28;497;98.28;6;98.28;27;98.28;218;98.28;222;98.28;45;98.28;5;98.28;46;98.28;1;98.28
2;8;123;1110;594;98.15;11;98.15;583;98.15;516;98.15;6;98.15;37;98.15;261;98.15;210;98.15;29;98.15;4;98.15;35;98.15;1;98.15
2;8;127;886;539;98.14;10;98.14;529;98.14;347;98.14;1;98.14;31;98.14;272;98.14;189;98.14;8;98.14;3;98.14;22;98.14;3;98.14
3;9;146;877;499;97.6;12;97.6;487;97.6;378;97.6;2;97.6;24;97.6;199;97.6;190;97.6;34;97.6;6;97.6;30;97.6;2;97.6
4;2;20;1022;661;97.88;14;97.88;647;97.88;361;97.88;1;97.88;41;97.88;348;97.88;197;97.88;28;97.88;5;97.88;25;97.88;2;97.88
4;2;24;991;553;98.55;8;98.55;545;98.55;438;98.55;3;98.55;31;98.55;204;98.55;211;98.55;46;98.55;6;98.55;44;98.55;0;98.55
4;3;44;1079;633;98.1;12;98.1;621;98.1;446;98.1;6;98.1;43;98.1;228;98.1;242;98.1;32;98.1;3;98.1;65;98.1;2;98.1
6;12;199;532;287;96.86;9;96.86;278;96.86;245;96.86;5;96.86;11;96.86;135;96.86;100;96.86;5;96.86;7;96.86;12;96.86;3;96.86
1;4;056A;878;471;98.51;7;98.51;464;98.51;407;98.51;1;98.51;26;98.51;192;98.51;197;98.51;22;98.51;1;98.51;22;98.51;3;98.51
1;4;63;776;395;97.47;10;97.47;385;97.47;381;97.47;4;97.47;20;97.47;130;97.47;195;97.47;16;97.47;4;97.47;15;97.47;1;97.47
1;5;76;1001;567;98.77;7;98.77;560;98.77;434;98.77;4;98.77;36;98.77;197;98.77;230;98.77;41;98.77;6;98.77;45;98.77;1;98.77
1;7;110;890;533;98.31;9;98.31;524;98.31;357;98.31;5;98.31;31;98.31;237;98.31;199;98.31;26;98.31;4;98.31;22;98.31;0;98.31
4;2;23;1045;502;96.81;16;96.81;486;96.81;543;96.81;5;96.81;32;96.81;158;96.81;218;96.81;34;96.81;5;96.81;32;96.81;2;96.81
4;3;38;958;545;98.53;8;98.53;537;98.53;413;98.53;2;98.53;28;98.53;171;98.53;254;98.53;31;98.53;1;98.53;50;98.53;0;98.53
4;11;169;970;485;96.91;15;96.91;470;96.91;485;96.91;7;96.91;18;96.91;176;96.91;223;96.91;19;96.91;14;96.91;11;96.91;2;96.91
5;14;211;1107;598;98.16;11;98.16;587;98.16;509;98.16;3;98.16;47;98.16;236;98.16;240;98.16;32;98.16;3;98.16;23;98.16;3;98.16
1;1;4;966;578;98.62;8;98.62;570;98.62;388;98.62;0;98.62;42;98.62;372;98.62;134;98.62;15;98.62;0;98.62;7;98.62;0;98.62
1;4;61;817;474;98.52;7;98.52;467;98.52;343;98.52;6;98.52;17;98.52;181;98.52;214;98.52;26;98.52;1;98.52;22;98.52;0;98.52
1;4;70;768;486;98.56;7;98.56;479;98.56;282;98.56;1;98.56;31;98.56;213;98.56;198;98.56;17;98.56;2;98.56;15;98.56;2;98.56
1;7;102;740;364;99.18;3;99.18;361;99.18;376;99.18;4;99.18;24;99.18;149;99.18;132;99.18;20;99.18;5;99.18;27;99.18;0;99.18
2;6;87;1258;675;97.93;14;97.93;661;97.93;583;97.93;9;97.93;31;97.93;249;97.93;268;97.93;37;97.93;8;97.93;57;97.93;2;97.93
2;8;129;983;531;98.31;9;98.31;522;98.31;452;98.31;8;98.31;27;98.31;214;98.31;239;98.31;13;98.31;4;98.31;17;98.31;0;98.31
3;10;151;876;547;98.72;7;98.72;540;98.72;329;98.72;2;98.72;21;98.72;203;98.72;231;98.72;36;98.72;1;98.72;43;98.72;3;98.72
3;10;159;1126;670;98.36;11;98.36;659;98.36;456;98.36;6;98.36;36;98.36;252;98.36;297;98.36;37;98.36;3;98.36;27;98.36;1;98.36
4;3;039A;876;526;98.1;10;98.1;516;98.1;350;98.1;5;98.1;29;98.1;186;98.1;207;98.1;35;98.1;6;98.1;47;98.1;1;98.1
4;11;166;1132;708;98.02;14;98.02;694;98.02;424;98.02;2;98.02;35;98.02;267;98.02;283;98.02;50;98.02;8;98.02;45;98.02;4;98.02
4;11;181;957;433;97.46;11;97.46;422;97.46;524;97.46;5;97.46;19;97.46;171;97.46;175;97.46;21;97.46;3;97.46;26;97.46;2;97.46
5;13;203;1340;747;98.26;13;98.26;734;98.26;593;98.26;11;98.26;48;98.26;352;98.26;266;98.26;37;98.26;2;98.26;13;98.26;5;98.26
5;13;204;1068;621;97.91;13;97.91;608;97.91;447;97.91;8;97.91;35;97.91;217;97.91;275;97.91;34;97.91;3;97.91;33;97.91;3;97.91
6;12;192;758;390;96.41;14;96.41;376;96.41;368;96.41;6;96.41;14;96.41;143;96.41;170;96.41;24;96.41;7;96.41;9;96.41;3;96.41
1;1;15;926;548;98.18;10;98.18;538;98.18;378;98.18;4;98.18;25;98.18;233;98.18;207;98.18;33;98.18;1;98.18;34;98.18;1;98.18
2;8;122;1010;661;98.79;8;98.79;653;98.79;349;98.79;4;98.79;70;98.79;415;98.79;134;98.79;12;98.79;2;98.79;16;98.79;0;98.79
2;15;217;1185;656;96.95;20;96.95;636;96.95;529;96.95;4;96.95;47;96.95;218;96.95;270;96.95;48;96.95;9;96.95;35;96.95;5;96.95
3;9;137;998;652;98.62;9;98.62;643;98.62;346;98.62;2;98.62;45;98.62;331;98.62;229;98.62;18;98.62;2;98.62;14;98.62;2;98.62
3;10;154;828;362;96.69;12;96.69;350;96.69;466;96.69;5;96.69;11;96.69;129;96.69;164;96.69;16;96.69;6;96.69;14;96.69;5;96.69
3;10;165;949;576;98.96;6;98.96;570;98.96;373;98.96;4;98.96;34;98.96;217;98.96;252;98.96;29;98.96;5;98.96;27;98.96;2;98.96
4;2;29;1098;590;98.14;11;98.14;579;98.14;508;98.14;1;98.14;35;98.14;276;98.14;203;98.14;30;98.14;2;98.14;31;98.14;1;98.14
4;11;174;1116;573;98.78;7;98.78;566;98.78;543;98.78;8;98.78;36;98.78;210;98.78;244;98.78;29;98.78;5;98.78;34;98.78;0;98.78
4;11;183;916;611;98.85;7;98.85;604;98.85;305;98.85;2;98.85;48;98.85;324;98.85;181;98.85;16;98.85;3;98.85;25;98.85;5;98.85
5;14;206;1120;620;98.87;7;98.87;613;98.87;500;98.87;7;98.87;28;98.87;265;98.87;246;98.87;36;98.87;6;98.87;22;98.87;3;98.87
6;12;190;1013;406;98.52;6;98.52;400;98.52;607;98.52;9;98.52;23;98.52;115;98.52;183;98.52;28;98.52;11;98.52;29;98.52;2;98.52
1;5;85;907;472;98.52;7;98.52;465;98.52;435;98.52;5;98.52;38;98.52;184;98.52;165;98.52;37;98.52;4;98.52;31;98.52;1;98.52
1;7;113;1031;512;98.24;9;98.24;503;98.24;519;98.24;4;98.24;27;98.24;166;98.24;256;98.24;31;98.24;1;98.24;16;98.24;2;98.24
2;6;88;1113;615;98.21;11;98.21;604;98.21;498;98.21;5;98.21;41;98.21;213;98.21;267;98.21;34;98.21;1;98.21;39;98.21;4;98.21
2;6;95;1030;559;96.96;17;96.96;542;96.96;471;96.96;4;96.96;34;96.96;206;96.96;232;96.96;38;96.96;6;96.96;19;96.96;3;96.96
3;9;135;1024;641;98.75;8;98.75;633;98.75;383;98.75;4;98.75;49;98.75;333;98.75;200;98.75;18;98.75;6;98.75;22;98.75;1;98.75
4;2;22;1027;591;99.32;4;99.32;587;99.32;436;99.32;2;99.32;42;99.32;291;99.32;197;99.32;22;99.32;4;99.32;28;99.32;1;99.32
6;12;196;1261;788;97.84;17;97.84;771;97.84;473;97.84;6;97.84;44;97.84;331;97.84;306;97.84;39;97.84;10;97.84;32;97.84;3;97.84
1;7;107;1193;673;97.92;14;97.92;659;97.92;520;97.92;6;97.92;47;97.92;268;97.92;279;97.92;29;97.92;3;97.92;22;97.92;5;97.92
1;7;109;1039;626;98.08;12;98.08;614;98.08;413;98.08;4;98.08;30;98.08;302;98.08;217;98.08;30;98.08;0;98.08;25;98.08;6;98.08
3;9;134A;1102;621;97.42;16;97.42;605;97.42;481;97.42;3;97.42;29;97.42;252;97.42;261;97.42;28;97.42;8;97.42;24;97.42;0;97.42
3;9;148;905;521;98.85;6;98.85;515;98.85;384;98.85;5;98.85;21;98.85;200;98.85;222;98.85;24;98.85;4;98.85;38;98.85;1;98.85
3;10;164;1166;545;98.9;6;98.9;539;98.9;621;98.9;3;98.9;19;98.9;193;98.9;267;98.9;26;98.9;4;98.9;26;98.9;1;98.9
4;3;34;916;540;99.63;2;99.63;538;99.63;376;99.63;4;99.63;29;99.63;196;99.63;224;99.63;23;99.63;11;99.63;48;99.63;3;99.63
4;3;42;1070;621;97.91;13;97.91;608;97.91;449;97.91;4;97.91;40;97.91;250;97.91;249;97.91;34;97.91;0;97.91;31;97.91;0;97.91
1;5;81;1286;644;99.07;6;99.07;638;99.07;642;99.07;5;99.07;32;99.07;214;99.07;266;99.07;61;99.07;4;99.07;54;99.07;2;99.07
1;7;111;1001;561;97.86;12;97.86;549;97.86;440;97.86;2;97.86;28;97.86;260;97.86;196;97.86;32;97.86;8;97.86;23;97.86;0;97.86
2;8;130;1144;645;97.67;15;97.67;630;97.67;499;97.67;7;97.67;28;97.67;259;97.67;276;97.67;19;97.67;12;97.67;25;97.67;4;97.67
2;15;224;1216;712;97.33;19;97.33;693;97.33;504;97.33;5;97.33;37;97.33;299;97.33;294;97.33;26;97.33;5;97.33;25;97.33;2;97.33
3;9;144;953;537;97.58;13;97.58;524;97.58;416;97.58;6;97.58;25;97.58;275;97.58;173;97.58;17;97.58;3;97.58;25;97.58;0;97.58
4;2;30;952;564;98.58;8;98.58;556;98.58;388;98.58;1;98.58;44;98.58;324;98.58;131;98.58;21;98.58;4;98.58;30;98.58;1;98.58
6;12;198A;1067;616;98.86;7;98.86;609;98.86;451;98.86;3;98.86;34;98.86;287;98.86;223;98.86;27;98.86;2;98.86;30;98.86;3;98.86
1;1;14;1138;737;98.78;9;98.78;728;98.78;401;98.78;3;98.78;56;98.78;325;98.78;255;98.78;41;98.78;4;98.78;42;98.78;2;98.78
1;5;75;897;499;96.99;15;96.99;484;96.99;398;96.99;4;96.99;23;96.99;148;96.99;210;96.99;45;96.99;3;96.99;49;96.99;2;96.99
1;5;82;1022;573;98.78;7;98.78;566;98.78;449;98.78;3;98.78;37;98.78;251;98.78;191;98.78;43;98.78;5;98.78;33;98.78;3;98.78
1;7;104;955;592;97.97;12;97.97;580;97.97;363;97.97;8;97.97;31;97.97;273;97.97;204;97.97;27;97.97;2;97.97;33;97.97;2;97.97
1;7;108;973;608;97.7;14;97.7;594;97.7;365;97.7;3;97.7;28;97.7;323;97.7;192;97.7;20;97.7;3;97.7;24;97.7;1;97.7
1;7;108A;956;578;98.44;9;98.44;569;98.44;378;98.44;3;98.44;28;98.44;223;98.44;250;98.44;30;98.44;3;98.44;28;98.44;4;98.44
2;6;93;1179;647;97.06;19;97.06;628;97.06;532;97.06;3;97.06;49;97.06;241;97.06;250;97.06;37;97.06;2;97.06;42;97.06;4;97.06
2;8;126;920;576;97.4;15;97.4;561;97.4;344;97.4;3;97.4;35;97.4;272;97.4;207;97.4;23;97.4;6;97.4;15;97.4;0;97.4
2;15;214;1360;810;97.53;20;97.53;790;97.53;550;97.53;5;97.53;43;97.53;333;97.53;330;97.53;35;97.53;13;97.53;27;97.53;4;97.53
3;9;136;770;498;98.59;7;98.59;491;98.59;272;98.59;2;98.59;34;98.59;252;98.59;161;98.59;14;98.59;5;98.59;21;98.59;2;98.59
3;9;145;1029;647;97.84;14;97.84;633;97.84;382;97.84;14;97.84;24;97.84;231;97.84;287;97.84;38;97.84;6;97.84;29;97.84;4;97.84
4;2;25;1032;534;97.0;16;97.0;518;97.0;498;97.0;1;97.0;40;97.0;198;97.0;209;97.0;28;97.0;3;97.0;38;97.0;1;97.0
4;3;37;883;506;98.81;6;98.81;500;98.81;377;98.81;3;98.81;31;98.81;193;98.81;185;98.81;34;98.81;6;98.81;47;98.81;1;98.81
4;11;176;755;281;95.73;12;95.73;269;95.73;474;95.73;2;95.73;9;95.73;64;95.73;147;95.73;18;95.73;17;95.73;10;95.73;2;95.73
1;1;17;954;573;99.3;4;99.3;569;99.3;381;99.3;6;99.3;31;99.3;259;99.3;215;99.3;24;99.3;3;99.3;27;99.3;4;99.3
1;4;58;1084;550;98.18;10;98.18;540;98.18;534;98.18;1;98.18;38;98.18;199;98.18;229;98.18;35;98.18;2;98.18;34;98.18;2;98.18
2;6;94;1005;603;98.34;10;98.34;593;98.34;402;98.34;4;98.34;37;98.34;195;98.34;246;98.34;49;98.34;8;98.34;53;98.34;1;98.34
2;15;213;1232;678;96.02;27;96.02;651;96.02;554;96.02;8;96.02;36;96.02;291;96.02;244;96.02;29;96.02;11;96.02;32;96.02;0;96.02
4;11;179;690;413;97.58;10;97.58;403;97.58;277;97.58;11;97.58;28;97.58;166;97.58;153;97.58;24;97.58;1;97.58;20;97.58;0;97.58
1;1;12;1069;614;98.05;12;98.05;602;98.05;455;98.05;1;98.05;52;98.05;310;98.05;180;98.05;27;98.05;4;98.05;27;98.05;1;98.05
1;7;112;879;508;97.44;13;97.44;495;97.44;371;97.44;5;97.44;14;97.44;204;97.44;225;97.44;26;97.44;7;97.44;14;97.44;0;97.44
2;15;215;1069;464;94.83;24;94.83;440;94.83;605;94.83;4;94.83;24;94.83;144;94.83;205;94.83;26;94.83;11;94.83;25;94.83;1;94.83
3;9;141;945;582;97.77;13;97.77;569;97.77;363;97.77;8;97.77;36;97.77;276;97.77;208;97.77;12;97.77;3;97.77;26;97.77;0;97.77
3;10;160;1031;617;98.87;7;98.87;610;98.87;414;98.87;4;98.87;42;98.87;267;98.87;234;98.87;27;98.87;5;98.87;31;98.87;0;98.87
4;11;174A;1077;536;96.64;18;96.64;518;96.64;541;96.64;8;96.64;30;96.64;225;96.64;200;96.64;27;96.64;13;96.64;13;96.64;2;96.64
4;11;182;824;515;97.67;12;97.67;503;97.67;309;97.67;4;97.67;28;97.67;231;97.67;169;97.67;25;97.67;7;97.67;35;97.67;4;97.67
1;4;59;1054;657;98.63;9;98.63;648;98.63;397;98.63;4;98.63;42;98.63;251;98.63;277;98.63;35;98.63;2;98.63;37;98.63;0;98.63
1;7;103;859;483;98.55;7;98.55;476;98.55;376;98.55;6;98.55;26;98.55;180;98.55;209;98.55;22;98.55;8;98.55;24;98.55;1;98.55
2;6;91;1052;547;96.89;17;96.89;530;96.89;505;96.89;8;96.89;19;96.89;216;96.89;209;96.89;29;96.89;15;96.89;31;96.89;3;96.89
2;8;121;1158;693;98.56;10;98.56;683;98.56;465;98.56;2;98.56;33;98.56;346;98.56;247;98.56;19;98.56;4;98.56;29;98.56;3;98.56
3;9;142;888;462;98.27;8;98.27;454;98.27;426;98.27;1;98.27;31;98.27;251;98.27;121;98.27;11;98.27;11;98.27;25;98.27;3;98.27
4;3;45;948;467;98.72;6;98.72;461;98.72;481;98.72;5;98.72;13;98.72;190;98.72;187;98.72;29;98.72;5;98.72;30;98.72;2;98.72
6;12;200;1211;669;96.41;24;96.41;645;96.41;542;96.41;6;96.41;49;96.41;333;96.41;198;96.41;25;96.41;2;96.41;30;96.41;2;96.41
6;12;200A;1141;632;98.73;8;98.73;624;98.73;509;98.73;3;98.73;48;98.73;317;98.73;198;98.73;21;98.73;3;98.73;31;98.73;3;98.73
1;5;74;684;385;98.18;7;98.18;378;98.18;299;98.18;1;98.18;30;98.18;219;98.18;86;98.18;11;98.18;4;98.18;26;98.18;1;98.18
1;5;79;857;520;99.04;5;99.04;515;99.04;337;99.04;0;99.04;38;99.04;193;99.04;210;99.04;34;99.04;2;99.04;38;99.04;0;99.04
2;15;218;1079;642;96.73;21;96.73;621;96.73;437;96.73;6;96.73;21;96.73;308;96.73;227;96.73;29;96.73;2;96.73;26;96.73;2;96.73
3;9;133;933;533;98.5;8;98.5;525;98.5;400;98.5;5;98.5;35;98.5;229;98.5;216;98.5;18;98.5;2;98.5;17;98.5;3;98.5
4;2;28;1076;614;97.72;14;97.72;600;97.72;462;97.72;2;97.72;36;97.72;299;97.72;175;97.72;41;97.72;3;97.72;41;97.72;3;97.72
4;3;036A;1056;597;98.32;10;98.32;587;98.32;459;98.32;4;98.32;28;98.32;181;98.32;262;98.32;46;98.32;4;98.32;61;98.32;1;98.32
4;11;170;977;523;97.13;15;97.13;508;97.13;454;97.13;8;97.13;26;97.13;203;97.13;210;97.13;29;97.13;5;97.13;25;97.13;2;97.13
4;11;171;955;452;97.57;11;97.57;441;97.57;503;97.57;5;97.57;16;97.57;169;97.57;196;97.57;13;97.57;7;97.57;30;97.57;5;97.57
6;12;184;893;393;98.47;6;98.47;387;98.47;500;98.47;3;98.47;17;98.47;130;98.47;185;98.47;20;98.47;8;98.47;23;98.47;1;98.47
6;12;188;745;407;98.03;8;98.03;399;98.03;338;98.03;6;98.03;22;98.03;146;98.03;188;98.03;21;98.03;1;98.03;15;98.03;0;98.03
1;1;8;879;506;99.21;4;99.21;502;99.21;373;99.21;4;99.21;40;99.21;183;99.21;208;99.21;24;99.21;3;99.21;39;99.21;1;99.21
1;5;72;1210;629;97.77;14;97.77;615;97.77;581;97.77;2;97.77;37;97.77;244;97.77;247;97.77;33;97.77;2;97.77;50;97.77;0;97.77
2;8;125;945;602;98.67;8;98.67;594;98.67;343;98.67;2;98.67;42;98.67;316;98.67;174;98.67;19;98.67;3;98.67;38;98.67;0;98.67
2;15;219;1091;620;96.94;19;96.94;601;96.94;471;96.94;5;96.94;43;96.94;247;96.94;242;96.94;30;96.94;6;96.94;27;96.94;1;96.94
3;9;143;997;573;96.68;19;96.68;554;96.68;424;96.68;6;96.68;42;96.68;294;96.68;162;96.68;20;96.68;4;96.68;25;96.68;1;96.68
4;3;35;1047;615;98.21;11;98.21;604;98.21;432;98.21;2;98.21;31;98.21;170;98.21;272;98.21;56;98.21;2;98.21;69;98.21;2;98.21
4;3;40;1161;593;97.81;13;97.81;580;97.81;568;97.81;8;97.81;39;97.81;219;97.81;240;97.81;36;97.81;8;97.81;30;97.81;0;97.81
4;3;52;1021;539;97.4;14;97.4;525;97.4;482;97.4;5;97.4;37;97.4;207;97.4;211;97.4;31;97.4;2;97.4;29;97.4;3;97.4
4;11;180;700;316;96.84;10;96.84;306;96.84;384;96.84;3;96.84;15;96.84;118;96.84;116;96.84;25;96.84;7;96.84;21;96.84;1;96.84
5;14;210;1044;530;97.17;15;97.17;515;97.17;514;97.17;5;97.17;31;97.17;245;97.17;192;97.17;17;97.17;2;97.17;21;97.17;2;97.17
5;14;212;361;193;98.45;3;98.45;190;98.45;168;98.45;0;98.45;3;98.45;97;98.45;75;98.45;9;98.45;2;98.45;3;98.45;1;98.45
1;1;5;757;453;98.23;8;98.23;445;98.23;304;98.23;3;98.23;41;98.23;233;98.23;134;98.23;13;98.23;5;98.23;16;98.23;0;98.23
1;4;57;632;396;100.0;0;100.0;396;100.0;236;100.0;0;100.0;28;100.0;176;100.0;138;100.0;34;100.0;1;100.0;14;100.0;5;100.0
1;4;68;956;587;97.1;17;97.1;570;97.1;369;97.1;5;97.1;38;97.1;270;97.1;207;97.1;29;97.1;4;97.1;16;97.1;1;97.1
2;6;92;1122;623;96.79;20;96.79;603;96.79;499;96.79;2;96.79;41;96.79;266;96.79;223;96.79;36;96.79;7;96.79;25;96.79;3;96.79
2;8;128;1155;648;97.07;19;97.07;629;97.07;507;97.07;11;97.07;42;97.07;239;97.07;256;97.07;35;97.07;8;97.07;36;97.07;2;97.07
4;2;26;947;560;97.32;15;97.32;545;97.32;387;97.32;3;97.32;33;97.32;252;97.32;174;97.32;33;97.32;6;97.32;42;97.32;2;97.32
4;2;31;974;560;98.04;11;98.04;549;98.04;414;98.04;1;98.04;34;98.04;353;98.04;114;98.04;20;98.04;3;98.04;24;98.04;0;98.04
5;13;205;1059;669;97.61;16;97.61;653;97.61;390;97.61;5;97.61;38;97.61;250;97.61;299;97.61;19;97.61;5;97.61;35;97.61;2;97.61
6;12;191A;896;392;97.96;8;97.96;384;97.96;504;97.96;5;97.96;29;97.96;138;97.96;165;97.96;25;97.96;5;97.96;15;97.96;2;97.96
6;12;201;963;583;98.28;10;98.28;573;98.28;380;98.28;3;98.28;39;98.28;281;98.28;189;98.28;24;98.28;3;98.28;33;98.28;1;98.28
6;12;201B;871;489;98.98;5;98.98;484;98.98;382;98.98;3;98.98;15;98.98;247;98.98;180;98.98;17;98.98;2;98.98;18;98.98;2;98.98
