Numéro;Type election;Annee;Type enregistrement;Numéro tour;Code departement;Code commune;Numéro bdv;Indicatif;Inscrits;Abstentions;Votants;Votants emargement;Blancs;Nuls;Exprimes;Nombre de listes;Toulouse anticapitaliste;Nombre de voix de la liste : Toulouse anticapitaliste;Archipel Citoyen;Nombre de voix de la liste : Archipel Citoyen;Aimer Toulouse avec Jean-Luc Moudenc;Nombre de voix de la liste : Aimer Toulouse avec Jean-Luc Moudenc;En avant Toulouse;Nombre de voix de la liste : En avant Toulouse;Pour la cohésion ! L’autre choix;Nombre de voix de la liste : Pour la cohésion ! L’autre choix;Rassemblement Toulousain;Nombre de voix de la liste : Rassemblement Toulousain;Une nouvelle énergie pour Toulouse. La gauche, l’écologie, les toulousain.e.s;Nombre de voix de la liste : Une nouvelle énergie pour Toulouse. La gauche, l’écologie, les toulousain.e.s;Debout Toulouse;Nombre de voix de la liste : Debout Toulouse;Toulouse animaliste;Nombre de voix de la liste : Toulouse animaliste;Toulouse belle et forte;Nombre de voix de la liste : Toulouse belle et forte;Lutte ouvrière – Faire entendre le camp des travailleurs;Nombre de voix de la liste : Lutte ouvrière – Faire entendre le camp des travailleurs;Toulouse aux travailleurs, pas aux spéculateurs;Nombre de voix de la liste : Toulouse aux travailleurs, pas aux spéculateurs
10;MN;2020;V;1;31;555;10;I;1098;647;451;451;8;2;441;12;2;9;7;153;10;147;13;0;9;17;6;11;3;80;11;1;8;5;5;14;4;1;12;3
15;MN;2020;V;1;31;555;15;I;877;510;367;367;3;3;361;12;2;5;7;125;10;139;13;1;9;9;6;10;3;59;11;3;8;6;5;4;4;0;12;0
18;MN;2020;V;1;31;555;18;I;697;392;305;305;2;2;301;12;2;3;7;84;10;129;13;0;9;8;6;16;3;48;11;2;8;2;5;6;4;2;12;1
24;MN;2020;V;1;31;555;24;I;1120;633;487;487;3;2;482;12;2;6;7;153;10;179;13;0;9;18;6;12;3;90;11;1;8;3;5;17;4;3;12;0
28;MN;2020;V;1;31;555;28;I;986;625;361;361;4;3;354;12;2;11;7;120;10;94;13;1;9;9;6;23;3;78;11;3;8;6;5;7;4;2;12;0
33;MN;2020;V;1;31;555;33;I;863;524;339;339;6;0;333;12;2;2;7;55;10;164;13;1;9;27;6;18;3;46;11;2;8;4;5;11;4;0;12;3
36;MN;2020;V;1;31;555;36;I;869;498;371;371;2;0;369;12;2;7;7;96;10;140;13;0;9;26;6;9;3;77;11;1;8;4;5;5;4;3;12;1
43;MN;2020;V;1;31;555;43;I;939;541;398;398;3;1;394;12;2;0;7;110;10;170;13;0;9;16;6;13;3;65;11;2;8;11;5;7;4;0;12;0
61;MN;2020;V;1;31;555;61;I;842;491;351;351;1;3;347;12;2;3;7;72;10;182;13;0;9;13;6;7;3;51;11;0;8;4;5;14;4;0;12;1
63;MN;2020;V;1;31;555;63;I;738;407;331;331;1;2;328;12;2;5;7;33;10;226;13;0;9;5;6;10;3;33;11;3;8;5;5;8;4;0;12;0
67;MN;2020;V;1;31;555;67;I;1081;624;457;457;7;1;449;12;2;9;7;168;10;105;13;2;9;29;6;17;3;90;11;4;8;8;5;16;4;1;12;0
68;MN;2020;V;1;31;555;68;I;867;473;394;394;3;1;390;12;2;8;7;155;10;82;13;0;9;21;6;9;3;97;11;2;8;6;5;8;4;2;12;0
77;MN;2020;V;1;31;555;76;I;995;586;409;409;1;4;404;12;2;7;7;139;10;109;13;0;9;18;6;18;3;94;11;1;8;4;5;10;4;1;12;3
80;MN;2020;V;1;31;555;79;I;956;565;391;392;2;9;380;12;2;7;7;104;10;110;13;0;9;23;6;21;3;102;11;4;8;1;5;7;4;1;12;0
86;MN;2020;V;1;31;555;083A;I;891;577;314;314;3;3;308;12;2;4;7;78;10;100;13;1;9;25;6;18;3;62;11;3;8;8;5;8;4;0;12;1
89;MN;2020;V;1;31;555;86;I;798;580;218;218;1;3;214;12;2;8;7;53;10;56;13;1;9;28;6;12;3;38;11;0;8;2;5;15;4;1;12;0
91;MN;2020;V;1;31;555;88;I;708;455;253;253;3;3;247;12;2;6;7;64;10;78;13;0;9;6;6;16;3;43;11;5;8;4;5;23;4;2;12;0
94;MN;2020;V;1;31;555;91;I;801;621;180;180;6;3;171;12;2;2;7;30;10;70;13;0;9;19;6;6;3;37;11;2;8;0;5;4;4;1;12;0
201;MN;2020;V;1;31;555;195;I;1080;713;367;367;1;0;366;12;2;11;7;99;10;129;13;0;9;16;6;19;3;80;11;0;8;8;5;4;4;0;12;0
207;MN;2020;V;1;31;555;200;I;1127;789;338;339;2;3;333;12;2;3;7;78;10;112;13;1;9;23;6;18;3;75;11;2;8;6;5;14;4;0;12;1
213;MN;2020;V;1;31;555;206;I;969;574;395;394;1;5;389;12;2;6;7;138;10;112;13;0;9;29;6;27;3;54;11;6;8;3;5;11;4;3;12;0
217;MN;2020;V;1;31;555;210;I;1029;619;410;410;2;0;408;12;2;3;7;95;10;170;13;3;9;28;6;26;3;54;11;7;8;5;5;14;4;2;12;1
218;MN;2020;V;1;31;555;211;I;1049;669;380;379;2;4;374;12;2;4;7;103;10;114;13;0;9;22;6;25;3;73;11;4;8;4;5;20;4;2;12;3
226;MN;2020;V;1;31;555;219;I;206;144;62;63;0;0;62;12;2;0;7;14;10;24;13;0;9;9;6;6;3;7;11;0;8;1;5;1;4;0;12;0
228;MN;2020;V;1;31;555;221;I;777;543;234;234;3;2;229;12;2;5;7;38;10;87;13;0;9;17;6;17;3;45;11;5;8;8;5;7;4;0;12;0
233;MN;2020;V;1;31;555;226;I;1142;631;511;511;1;1;509;12;2;5;7;133;10;220;13;0;9;29;6;17;3;79;11;5;8;6;5;13;4;1;12;1
237;MN;2020;V;1;31;555;230;I;957;620;337;337;1;0;336;12;2;2;7;49;10;175;13;0;9;11;6;12;3;65;11;4;8;7;5;10;4;1;12;0
239;MN;2020;V;1;31;555;232;I;904;554;350;344;0;1;349;12;2;3;7;64;10;207;13;0;9;5;6;12;3;46;11;2;8;7;5;3;4;0;12;0
240;MN;2020;V;1;31;555;233;I;947;543;404;404;3;4;397;12;2;1;7;92;10;214;13;0;9;12;6;6;3;55;11;2;8;1;5;13;4;1;12;0
247;MN;2020;V;1;31;555;240;I;1135;791;344;344;2;4;338;12;2;6;7;67;10;136;13;1;9;13;6;20;3;64;11;5;8;10;5;14;4;1;12;1
261;MN;2020;V;1;31;555;254;I;1044;637;407;407;6;1;400;12;2;2;7;110;10;138;13;0;9;14;6;19;3;92;11;5;8;2;5;15;4;3;12;0
101;MN;2020;V;1;31;555;98;I;976;826;150;150;0;4;146;12;2;0;7;10;10;47;13;1;9;37;6;4;3;33;11;3;8;5;5;4;4;2;12;0
104;MN;2020;V;1;31;555;101;I;695;608;87;87;1;2;84;12;2;3;7;10;10;26;13;1;9;20;6;3;3;13;11;1;8;4;5;2;4;1;12;0
107;MN;2020;V;1;31;555;104;I;565;410;155;155;2;0;153;12;2;1;7;41;10;45;13;0;9;15;6;9;3;24;11;5;8;2;5;8;4;3;12;0
109;MN;2020;V;1;31;555;106;I;713;536;177;176;1;4;172;12;2;2;7;30;10;51;13;1;9;20;6;22;3;31;11;2;8;2;5;9;4;1;12;1
111;MN;2020;V;1;31;555;108;I;1016;675;341;341;5;0;336;12;2;4;7;82;10;118;13;0;9;21;6;22;3;54;11;3;8;4;5;23;4;2;12;3
116;MN;2020;V;1;31;555;112A;I;979;631;348;348;0;5;343;12;2;5;7;86;10;149;13;0;9;15;6;18;3;53;11;4;8;2;5;11;4;0;12;0
118;MN;2020;V;1;31;555;114;I;908;503;405;405;3;1;401;12;2;4;7;154;10;115;13;1;9;16;6;25;3;63;11;8;8;3;5;10;4;2;12;0
121;MN;2020;V;1;31;555;117;I;1223;824;399;399;1;2;396;12;2;7;7;122;10;107;13;0;9;38;6;18;3;92;11;1;8;4;5;6;4;1;12;0
124;MN;2020;V;1;31;555;120;I;1014;597;417;417;2;8;407;12;2;7;7;132;10;88;13;1;9;28;6;28;3;86;11;5;8;6;5;15;4;5;12;6
143;MN;2020;V;1;31;555;139;I;1011;619;392;392;5;3;384;12;2;6;7;79;10;178;13;2;9;27;6;19;3;54;11;3;8;5;5;11;4;0;12;0
153;MN;2020;V;1;31;555;149;I;1010;581;429;429;3;4;422;12;2;10;7;147;10;111;13;0;9;21;6;16;3;88;11;6;8;6;5;8;4;6;12;3
157;MN;2020;V;1;31;555;153;I;1034;636;398;398;3;3;392;12;2;5;7;134;10;113;13;0;9;32;6;14;3;73;11;2;8;4;5;9;4;3;12;3
158;MN;2020;V;1;31;555;154;I;1109;660;449;449;2;1;446;12;2;7;7;126;10;161;13;1;9;7;6;13;3;113;11;1;8;8;5;9;4;0;12;0
173;MN;2020;V;1;31;555;169;I;865;497;368;368;3;5;360;12;2;4;7;102;10;139;13;0;9;19;6;15;3;60;11;3;8;6;5;12;4;0;12;0
180;MN;2020;V;1;31;555;176;I;898;574;324;324;2;4;318;12;2;8;7;78;10;89;13;2;9;23;6;11;3;85;11;3;8;10;5;8;4;0;12;1
195;MN;2020;V;1;31;555;190;I;1296;913;383;383;2;3;378;12;2;13;7;96;10;119;13;0;9;23;6;14;3;86;11;4;8;7;5;13;4;3;12;0
200;MN;2020;V;1;31;555;194;I;1137;794;343;343;3;3;337;12;2;7;7;80;10;107;13;0;9;21;6;17;3;73;11;4;8;3;5;23;4;2;12;0
9;MN;2020;V;1;31;555;9;I;978;545;433;433;3;5;425;12;2;6;7;179;10;121;13;0;9;26;6;14;3;60;11;2;8;6;5;10;4;0;12;1
13;MN;2020;V;1;31;555;13;I;989;587;402;402;2;2;398;12;2;3;7;119;10;136;13;0;9;26;6;11;3;86;11;4;8;3;5;10;4;0;12;0
22;MN;2020;V;1;31;555;22;I;884;526;358;358;5;6;347;12;2;10;7;117;10;113;13;0;9;20;6;9;3;61;11;4;8;5;5;4;4;4;12;0
26;MN;2020;V;1;31;555;26;I;659;381;278;278;1;2;275;12;2;3;7;85;10;94;13;0;9;15;6;14;3;50;11;2;8;5;5;6;4;0;12;1
35;MN;2020;V;1;31;555;35;I;824;435;389;389;2;6;381;12;2;6;7;126;10;105;13;0;9;17;6;9;3;86;11;1;8;13;5;16;4;1;12;1
37;MN;2020;V;1;31;555;37;I;745;451;294;294;2;1;291;12;2;7;7;88;10;108;13;0;9;12;6;9;3;45;11;3;8;6;5;12;4;0;12;1
46;MN;2020;V;1;31;555;46;I;447;366;81;81;3;2;76;12;2;3;7;15;10;27;13;2;9;5;6;7;3;9;11;2;8;1;5;2;4;3;12;0
47;MN;2020;V;1;31;555;47;I;965;534;431;431;1;5;425;12;2;6;7;126;10;161;13;0;9;26;6;19;3;78;11;1;8;1;5;6;4;1;12;0
48;MN;2020;V;1;31;555;48;I;960;551;409;409;2;1;406;12;2;9;7;124;10;140;13;0;9;21;6;13;3;82;11;2;8;4;5;9;4;1;12;1
49;MN;2020;V;1;31;555;49;I;1069;602;467;467;2;7;458;12;2;8;7;107;10;195;13;2;9;23;6;16;3;90;11;3;8;5;5;9;4;0;12;0
56;MN;2020;V;1;31;555;56;I;1058;633;425;425;2;1;422;12;2;9;7;155;10;107;13;0;9;15;6;8;3;101;11;3;8;5;5;14;4;2;12;3
58;MN;2020;V;1;31;555;58;I;1187;647;540;540;5;1;534;12;2;3;7;138;10;244;13;1;9;26;6;13;3;70;11;6;8;9;5;16;4;6;12;2
60;MN;2020;V;1;31;555;60;I;1034;603;431;431;7;0;424;12;2;5;7;107;10;190;13;0;9;12;6;16;3;77;11;0;8;5;5;10;4;2;12;0
64;MN;2020;V;1;31;555;64;I;834;534;300;300;2;7;291;12;2;2;7;68;10;87;13;1;9;18;6;15;3;67;11;6;8;9;5;13;4;5;12;0
71;MN;2020;V;1;31;555;70;I;753;611;142;142;2;2;138;12;2;7;7;31;10;39;13;1;9;9;6;17;3;18;11;0;8;4;5;7;4;4;12;1
73;MN;2020;V;1;31;555;72;I;384;316;68;68;1;1;66;12;2;0;7;12;10;21;13;0;9;11;6;5;3;13;11;0;8;2;5;1;4;0;12;1
87;MN;2020;V;1;31;555;84;I;1136;605;531;531;3;6;522;12;2;10;7;157;10;136;13;0;9;32;6;27;3;133;11;1;8;4;5;17;4;3;12;2
92;MN;2020;V;1;31;555;89;I;951;725;226;226;1;2;223;12;2;0;7;40;10;82;13;0;9;19;6;15;3;35;11;2;8;2;5;27;4;0;12;1
100;MN;2020;V;1;31;555;97;I;1058;862;196;196;2;6;188;12;2;4;7;22;10;58;13;0;9;28;6;11;3;34;11;6;8;6;5;17;4;1;12;1
220;MN;2020;V;1;31;555;213;I;1058;634;424;424;0;2;422;12;2;8;7;107;10;174;13;0;9;18;6;9;3;79;11;5;8;3;5;13;4;3;12;3
221;MN;2020;V;1;31;555;214;I;1134;709;425;425;3;5;417;12;2;11;7;102;10;144;13;0;9;11;6;16;3;94;11;9;8;9;5;17;4;4;12;0
222;MN;2020;V;1;31;555;215;I;748;500;248;248;1;0;247;12;2;2;7;47;10;99;13;0;9;21;6;17;3;48;11;3;8;3;5;5;4;1;12;1
224;MN;2020;V;1;31;555;217;I;865;548;317;317;4;3;310;12;2;6;7;74;10;95;13;0;9;24;6;21;3;71;11;2;8;7;5;7;4;1;12;2
225;MN;2020;V;1;31;555;218;I;716;451;265;265;1;5;259;12;2;3;7;58;10;95;13;0;9;15;6;19;3;52;11;6;8;4;5;6;4;0;12;1
227;MN;2020;V;1;31;555;220;I;1015;663;352;352;6;4;342;12;2;9;7;65;10;125;13;0;9;38;6;14;3;70;11;5;8;1;5;14;4;1;12;0
232;MN;2020;V;1;31;555;225;I;1029;557;472;472;4;4;464;12;2;2;7;99;10;247;13;0;9;12;6;17;3;59;11;4;8;4;5;17;4;3;12;0
235;MN;2020;V;1;31;555;228;I;874;515;359;359;6;3;350;12;2;2;7;88;10;168;13;0;9;11;6;9;3;54;11;5;8;6;5;6;4;1;12;0
243;MN;2020;V;1;31;555;236;I;1069;668;401;401;6;5;390;12;2;7;7;75;10;159;13;0;9;22;6;18;3;76;11;6;8;16;5;5;4;4;12;2
245;MN;2020;V;1;31;555;238;I;1033;637;396;397;3;5;388;12;2;7;7;88;10;158;13;2;9;19;6;26;3;71;11;6;8;6;5;4;4;1;12;0
246;MN;2020;V;1;31;555;239;I;1128;789;339;339;2;1;336;12;2;4;7;74;10;151;13;3;9;20;6;18;3;51;11;3;8;4;5;6;4;0;12;2
256;MN;2020;V;1;31;555;249;I;923;563;360;360;6;2;352;12;2;6;7;88;10;134;13;0;9;24;6;21;3;51;11;4;8;11;5;9;4;1;12;3
257;MN;2020;V;1;31;555;250;I;869;526;343;341;2;3;338;12;2;3;7;74;10;147;13;0;9;16;6;13;3;59;11;1;8;8;5;12;4;4;12;1
113;MN;2020;V;1;31;555;110;I;1073;792;281;281;2;3;276;12;2;6;7;48;10;100;13;0;9;20;6;16;3;69;11;1;8;8;5;7;4;1;12;0
114;MN;2020;V;1;31;555;111;I;754;489;265;265;3;3;259;12;2;2;7;60;10;97;13;0;9;16;6;10;3;53;11;8;8;2;5;10;4;1;12;0
122;MN;2020;V;1;31;555;118;I;1061;624;437;437;0;3;434;12;2;3;7;175;10;115;13;0;9;20;6;18;3;74;11;6;8;10;5;9;4;1;12;3
126;MN;2020;V;1;31;555;122;I;1076;651;425;425;3;5;417;12;2;6;7;138;10;130;13;1;9;20;6;18;3;81;11;0;8;4;5;15;4;4;12;0
127;MN;2020;V;1;31;555;123;I;1047;711;336;335;1;3;332;12;2;4;7;109;10;105;13;0;9;26;6;18;3;50;11;3;8;8;5;9;4;0;12;0
128;MN;2020;V;1;31;555;124;I;915;628;287;287;4;2;281;12;2;10;7;89;10;63;13;0;9;28;6;14;3;56;11;1;8;5;5;8;4;2;12;5
131;MN;2020;V;1;31;555;127;I;891;542;349;349;4;6;339;12;2;8;7;123;10;64;13;3;9;29;6;23;3;63;11;2;8;8;5;10;4;4;12;2
145;MN;2020;V;1;31;555;141;I;825;462;363;363;3;2;358;12;2;15;7;142;10;83;13;1;9;18;6;9;3;75;11;4;8;3;5;7;4;0;12;1
148;MN;2020;V;1;31;555;144;I;852;527;325;325;1;2;322;12;2;8;7;68;10;138;13;0;9;12;6;14;3;56;11;2;8;8;5;15;4;1;12;0
152;MN;2020;V;1;31;555;148;I;869;610;259;259;1;4;254;12;2;2;7;54;10;94;13;0;9;22;6;22;3;39;11;3;8;2;5;16;4;0;12;0
156;MN;2020;V;1;31;555;152;I;668;400;268;268;0;0;268;12;2;2;7;66;10;101;13;1;9;10;6;13;3;53;11;1;8;6;5;11;4;1;12;3
162;MN;2020;V;1;31;555;158;I;1030;702;328;328;2;1;325;12;2;5;7;94;10;111;13;2;9;19;6;9;3;69;11;5;8;2;5;8;4;1;12;0
164;MN;2020;V;1;31;555;160;I;1004;570;434;434;2;7;425;12;2;1;7;130;10;142;13;0;9;25;6;11;3;91;11;4;8;6;5;12;4;3;12;0
165;MN;2020;V;1;31;555;161;I;737;463;274;274;1;3;270;12;2;3;7;76;10;83;13;0;9;11;6;5;3;72;11;2;8;9;5;6;4;2;12;1
170;MN;2020;V;1;31;555;166;I;1146;675;471;471;4;4;463;12;2;5;7;128;10;176;13;1;9;34;6;17;3;81;11;1;8;8;5;12;4;0;12;0
172;MN;2020;V;1;31;555;168;I;889;525;364;364;2;5;357;12;2;5;7;107;10;127;13;0;9;19;6;11;3;69;11;3;8;2;5;13;4;1;12;0
191;MN;2020;V;1;31;555;186;I;1088;707;381;381;3;2;376;12;2;10;7;80;10;126;13;1;9;25;6;21;3;80;11;5;8;10;5;14;4;4;12;0
199;MN;2020;V;1;31;555;193;I;1069;784;285;285;2;2;281;12;2;2;7;58;10;98;13;1;9;17;6;29;3;48;11;3;8;7;5;13;4;5;12;0
6;MN;2020;V;1;31;555;6;I;853;486;367;367;0;0;367;12;2;5;7;147;10;114;13;0;9;15;6;8;3;64;11;0;8;6;5;8;4;0;12;0
16;MN;2020;V;1;31;555;16;I;1157;668;489;489;5;5;479;12;2;7;7;149;10;196;13;0;9;15;6;8;3;76;11;2;8;13;5;10;4;0;12;3
20;MN;2020;V;1;31;555;20;I;1027;621;406;406;2;10;394;12;2;8;7;145;10;100;13;0;9;19;6;20;3;84;11;5;8;6;5;3;4;3;12;1
29;MN;2020;V;1;31;555;29;I;1067;651;416;416;4;4;408;12;2;8;7;139;10;113;13;0;9;34;6;17;3;77;11;3;8;8;5;5;4;4;12;0
30;MN;2020;V;1;31;555;30;I;963;572;391;391;3;7;381;12;2;9;7;124;10;117;13;1;9;31;6;11;3;74;11;1;8;3;5;8;4;2;12;0
31;MN;2020;V;1;31;555;31;I;699;435;264;264;2;1;261;12;2;0;7;46;10;140;13;0;9;8;6;17;3;39;11;3;8;2;5;6;4;0;12;0
38;MN;2020;V;1;31;555;38;I;874;521;353;353;0;4;349;12;2;2;7;127;10;101;13;0;9;23;6;18;3;58;11;2;8;6;5;10;4;2;12;0
39;MN;2020;V;1;31;555;39;I;85;52;33;33;1;0;32;12;2;1;7;5;10;16;13;0;9;1;6;1;3;5;11;2;8;1;5;0;4;0;12;0
40;MN;2020;V;1;31;555;40;I;907;501;406;406;2;3;401;12;2;6;7;123;10;187;13;0;9;11;6;9;3;49;11;2;8;5;5;6;4;1;12;2
41;MN;2020;V;1;31;555;41;I;780;494;286;286;2;1;283;12;2;5;7;68;10;139;13;0;9;4;6;12;3;39;11;4;8;2;5;8;4;1;12;1
50;MN;2020;V;1;31;555;50;I;1015;544;471;470;5;0;466;12;2;3;7;138;10;175;13;0;9;20;6;14;3;91;11;6;8;4;5;12;4;3;12;0
55;MN;2020;V;1;31;555;55;I;1036;608;428;428;0;4;424;12;2;15;7;166;10;116;13;0;9;22;6;11;3;79;11;1;8;10;5;2;4;1;12;1
57;MN;2020;V;1;31;555;57;I;1151;657;494;494;3;3;488;12;2;6;7;182;10;124;13;0;9;25;6;17;3;112;11;5;8;7;5;8;4;1;12;1
59;MN;2020;V;1;31;555;59;I;993;582;411;411;3;2;406;12;2;13;7;108;10;167;13;1;9;15;6;13;3;69;11;3;8;1;5;15;4;0;12;1
65;MN;2020;V;1;31;555;65;I;983;569;414;414;6;2;406;12;2;6;7;116;10;110;13;1;9;27;6;13;3;109;11;0;8;10;5;11;4;3;12;0
70;MN;2020;V;1;31;555;069A;I;826;451;375;375;2;4;369;12;2;1;7;147;10;88;13;1;9;23;6;15;3;68;11;2;8;9;5;14;4;0;12;1
74;MN;2020;V;1;31;555;73;I;662;528;134;134;2;1;131;12;2;0;7;16;10;45;13;0;9;32;6;7;3;19;11;2;8;7;5;0;4;1;12;2
75;MN;2020;V;1;31;555;74;I;663;470;193;193;3;1;189;12;2;5;7;60;10;53;13;1;9;20;6;8;3;27;11;2;8;3;5;8;4;0;12;2
76;MN;2020;V;1;31;555;75;I;845;596;249;249;0;9;240;12;2;7;7;50;10;96;13;0;9;21;6;9;3;45;11;4;8;4;5;3;4;0;12;1
81;MN;2020;V;1;31;555;80;I;995;689;306;306;7;3;296;12;2;0;7;80;10;103;13;1;9;27;6;9;3;58;11;2;8;6;5;7;4;2;12;1
95;MN;2020;V;1;31;555;92;I;1076;769;307;307;1;3;303;12;2;5;7;47;10;107;13;0;9;26;6;27;3;64;11;7;8;4;5;15;4;1;12;0
99;MN;2020;V;1;31;555;96;I;753;456;297;297;0;2;295;12;2;5;7;80;10;100;13;1;9;21;6;11;3;50;11;2;8;7;5;14;4;4;12;0
202;MN;2020;V;1;31;555;196;I;1042;690;352;352;1;1;350;12;2;4;7;96;10;121;13;0;9;11;6;35;3;57;11;3;8;7;5;13;4;2;12;1
205;MN;2020;V;1;31;555;198A;I;1083;725;358;358;2;4;352;12;2;7;7;87;10;120;13;0;9;12;6;36;3;65;11;7;8;9;5;9;4;0;12;0
206;MN;2020;V;1;31;555;199;I;1120;697;423;423;3;4;416;12;2;7;7;125;10;144;13;0;9;28;6;12;3;71;11;8;8;2;5;16;4;3;12;0
212;MN;2020;V;1;31;555;205;I;833;529;304;304;7;3;294;12;2;2;7;93;10;79;13;1;9;20;6;13;3;73;11;3;8;3;5;7;4;0;12;0
230;MN;2020;V;1;31;555;223;I;204;124;80;80;1;3;76;12;2;0;7;22;10;34;13;0;9;2;6;0;3;14;11;0;8;0;5;2;4;1;12;1
241;MN;2020;V;1;31;555;234;I;871;544;327;327;3;2;322;12;2;8;7;100;10;132;13;0;9;10;6;11;3;47;11;3;8;2;5;7;4;0;12;2
244;MN;2020;V;1;31;555;237;I;905;612;293;293;4;4;285;12;2;2;7;60;10;108;13;0;9;13;6;16;3;70;11;2;8;5;5;8;4;1;12;0
248;MN;2020;V;1;31;555;241;I;972;648;324;324;1;1;322;12;2;3;7;45;10;153;13;0;9;27;6;25;3;48;11;4;8;6;5;8;4;2;12;1
252;MN;2020;V;1;31;555;245;I;1012;599;413;413;1;6;406;12;2;6;7;62;10;228;13;1;9;11;6;14;3;62;11;4;8;6;5;12;4;0;12;0
262;MN;2020;V;1;31;555;255;I;963;635;328;328;3;3;322;12;2;6;7;106;10;110;13;0;9;25;6;16;3;53;11;1;8;2;5;1;4;2;12;0
102;MN;2020;V;1;31;555;99;I;1216;962;254;254;3;5;246;12;2;0;7;51;10;85;13;3;9;42;6;13;3;38;11;2;8;1;5;10;4;1;12;0
112;MN;2020;V;1;31;555;109;I;886;513;373;373;6;1;366;12;2;5;7;82;10;133;13;1;9;15;6;27;3;63;11;5;8;6;5;27;4;1;12;1
119;MN;2020;V;1;31;555;115;I;1091;636;455;455;5;6;444;12;2;10;7;149;10;132;13;0;9;29;6;5;3;101;11;1;8;5;5;5;4;6;12;1
123;MN;2020;V;1;31;555;119;I;979;581;398;398;1;8;389;12;2;3;7;155;10;110;13;1;9;14;6;15;3;71;11;3;8;6;5;8;4;3;12;0
129;MN;2020;V;1;31;555;125;I;917;541;376;376;5;5;366;12;2;6;7;99;10;124;13;0;9;30;6;16;3;71;11;1;8;6;5;10;4;1;12;2
134;MN;2020;V;1;31;555;130;I;1391;878;513;513;5;7;501;12;2;10;7;162;10;138;13;1;9;39;6;21;3;94;11;4;8;9;5;16;4;4;12;3
135;MN;2020;V;1;31;555;131;I;826;672;154;154;0;3;151;12;2;1;7;25;10;42;13;0;9;30;6;11;3;31;11;1;8;1;5;7;4;1;12;1
137;MN;2020;V;1;31;555;133;I;855;620;235;235;6;10;219;12;2;2;7;63;10;53;13;1;9;32;6;13;3;42;11;4;8;4;5;3;4;2;12;0
141;MN;2020;V;1;31;555;137;I;405;284;121;121;0;4;117;12;2;0;7;18;10;45;13;0;9;10;6;11;3;21;11;2;8;1;5;9;4;0;12;0
144;MN;2020;V;1;31;555;140;I;966;557;409;409;2;1;406;12;2;0;7;73;10;192;13;1;9;14;6;31;3;68;11;2;8;7;5;15;4;2;12;1
146;MN;2020;V;1;31;555;142;I;932;480;452;452;3;5;444;12;2;3;7;133;10;176;13;1;9;23;6;13;3;84;11;3;8;2;5;5;4;1;12;0
147;MN;2020;V;1;31;555;143;I;830;460;370;370;0;2;368;12;2;11;7;152;10;95;13;0;9;16;6;9;3;76;11;3;8;2;5;3;4;0;12;1
149;MN;2020;V;1;31;555;145;I;885;593;292;292;0;2;290;12;2;4;7;53;10;125;13;1;9;19;6;16;3;48;11;7;8;2;5;12;4;2;12;1
154;MN;2020;V;1;31;555;150;I;783;482;301;301;3;2;296;12;2;6;7;123;10;79;13;0;9;15;6;5;3;57;11;1;8;2;5;7;4;0;12;1
160;MN;2020;V;1;31;555;156;I;989;539;450;449;6;1;443;12;2;8;7;152;10;138;13;0;9;18;6;12;3;87;11;1;8;7;5;16;4;3;12;1
161;MN;2020;V;1;31;555;157;I;1048;598;450;450;3;6;441;12;2;9;7;128;10;160;13;1;9;19;6;11;3;97;11;4;8;4;5;6;4;2;12;0
184;MN;2020;V;1;31;555;180;I;931;618;313;313;1;4;308;12;2;1;7;103;10;94;13;1;9;21;6;18;3;55;11;3;8;4;5;6;4;2;12;0
185;MN;2020;V;1;31;555;181;I;854;530;324;324;1;3;320;12;2;3;7;77;10;111;13;4;9;18;6;13;3;65;11;4;8;9;5;13;4;2;12;1
186;MN;2020;V;1;31;555;182;I;913;633;280;280;3;2;275;12;2;6;7;75;10;75;13;0;9;17;6;15;3;59;11;2;8;9;5;12;4;5;12;0
187;MN;2020;V;1;31;555;182A;I;1068;689;379;379;2;9;368;12;2;5;7;106;10;106;13;0;9;26;6;29;3;69;11;2;8;10;5;12;4;2;12;1
189;MN;2020;V;1;31;555;184;I;847;615;232;232;2;1;229;12;2;2;7;32;10;96;13;1;9;19;6;20;3;42;11;1;8;6;5;10;4;0;12;0
192;MN;2020;V;1;31;555;187;I;522;416;106;106;1;3;102;12;2;2;7;18;10;49;13;1;9;6;6;6;3;15;11;4;8;0;5;1;4;0;12;0
193;MN;2020;V;1;31;555;188;I;1625;1187;438;438;4;8;426;12;2;9;7;71;10;167;13;0;9;35;6;24;3;91;11;4;8;7;5;15;4;3;12;0
194;MN;2020;V;1;31;555;189;I;1263;876;387;387;4;3;380;12;2;9;7;82;10;135;13;1;9;19;6;16;3;77;11;3;8;9;5;26;4;3;12;0
197;MN;2020;V;1;31;555;192;I;1028;744;284;284;4;1;279;12;2;4;7;47;10;77;13;1;9;41;6;30;3;54;11;7;8;5;5;12;4;1;12;0
198;MN;2020;V;1;31;555;192A;I;1029;813;216;216;0;0;216;12;2;0;7;57;10;64;13;1;9;21;6;19;3;35;11;6;8;4;5;7;4;1;12;1
4;MN;2020;V;1;31;555;4;I;849;503;346;346;2;1;343;12;2;4;7;101;10;141;13;0;9;20;6;8;3;57;11;1;8;3;5;8;4;0;12;0
8;MN;2020;V;1;31;555;8;I;1091;659;432;432;2;4;426;12;2;11;7;168;10;102;13;1;9;19;6;6;3;103;11;4;8;5;5;5;4;0;12;2
11;MN;2020;V;1;31;555;11;I;1024;570;454;454;2;1;451;12;2;2;7;140;10;154;13;0;9;19;6;10;3;96;11;5;8;9;5;13;4;1;12;2
12;MN;2020;V;1;31;555;12;I;947;546;401;401;4;4;393;12;2;9;7;156;10;118;13;0;9;19;6;7;3;67;11;2;8;1;5;12;4;2;12;0
21;MN;2020;V;1;31;555;21;I;1041;630;411;411;3;2;406;12;2;11;7;149;10;124;13;1;9;24;6;9;3;63;11;6;8;1;5;13;4;5;12;0
23;MN;2020;V;1;31;555;23;I;1000;616;384;384;3;2;379;12;2;5;7;112;10;132;13;0;9;16;6;17;3;76;11;2;8;5;5;12;4;1;12;1
25;MN;2020;V;1;31;555;25;I;895;541;354;353;2;9;343;12;2;8;7;118;10;90;13;1;9;19;6;12;3;75;11;2;8;5;5;10;4;2;12;1
32;MN;2020;V;1;31;555;32;I;882;506;376;376;2;2;372;12;2;4;7;55;10;209;13;2;9;15;6;20;3;41;11;3;8;4;5;19;4;0;12;0
45;MN;2020;V;1;31;555;45;I;659;360;299;299;1;1;297;12;2;7;7;96;10;99;13;0;9;11;6;4;3;64;11;3;8;5;5;8;4;0;12;0
52;MN;2020;V;1;31;555;52;I;1033;639;394;394;2;3;389;12;2;3;7;96;10;201;13;1;9;11;6;8;3;45;11;3;8;4;5;16;4;1;12;0
53;MN;2020;V;1;31;555;53;I;985;565;420;420;2;3;415;12;2;9;7;122;10;174;13;0;9;11;6;8;3;68;11;6;8;5;5;10;4;1;12;1
54;MN;2020;V;1;31;555;54;I;1021;605;416;416;1;3;412;12;2;10;7;163;10;106;13;0;9;13;6;9;3;93;11;2;8;2;5;12;4;1;12;1
62;MN;2020;V;1;31;555;62;I;886;512;374;374;0;1;373;12;2;4;7;64;10;237;13;0;9;8;6;5;3;31;11;2;8;8;5;14;4;0;12;0
66;MN;2020;V;1;31;555;66;I;976;648;328;328;6;2;320;12;2;9;7;102;10;88;13;1;9;24;6;12;3;68;11;1;8;2;5;6;4;4;12;3
69;MN;2020;V;1;31;555;69;I;915;545;370;370;1;3;366;12;2;6;7;136;10;89;13;0;9;18;6;13;3;85;11;4;8;3;5;10;4;1;12;1
72;MN;2020;V;1;31;555;71;I;71;59;12;12;0;0;12;12;2;0;7;8;10;3;13;0;9;0;6;0;3;1;11;0;8;0;5;0;4;0;12;0
84;MN;2020;V;1;31;555;82;I;846;532;314;314;2;2;310;12;2;6;7;74;10;115;13;1;9;24;6;8;3;64;11;2;8;4;5;8;4;3;12;1
85;MN;2020;V;1;31;555;83;I;850;476;374;374;2;1;371;12;2;2;7;73;10;163;13;0;9;24;6;7;3;85;11;1;8;2;5;11;4;3;12;0
88;MN;2020;V;1;31;555;85;I;915;507;408;408;0;2;406;12;2;8;7;122;10;114;13;0;9;25;6;19;3;90;11;1;8;8;5;16;4;3;12;0
96;MN;2020;V;1;31;555;93;I;1007;753;254;254;5;3;246;12;2;0;7;43;10;106;13;1;9;18;6;18;3;33;11;8;8;6;5;12;4;0;12;1
203;MN;2020;V;1;31;555;197;I;1086;719;367;367;0;1;366;12;2;6;7;86;10;143;13;2;9;25;6;16;3;60;11;1;8;10;5;16;4;0;12;1
204;MN;2020;V;1;31;555;198;I;1014;724;290;290;1;4;285;12;2;9;7;78;10;106;13;0;9;16;6;14;3;38;11;1;8;8;5;13;4;2;12;0
208;MN;2020;V;1;31;555;201;I;1040;665;375;375;6;4;365;12;2;6;7;82;10;133;13;1;9;13;6;19;3;80;11;3;8;8;5;18;4;2;12;0
210;MN;2020;V;1;31;555;203;I;1067;592;475;475;2;4;469;12;2;16;7;196;10;118;13;0;9;18;6;15;3;81;11;2;8;6;5;13;4;1;12;3
211;MN;2020;V;1;31;555;204;I;597;361;236;236;2;3;231;12;2;9;7;70;10;70;13;0;9;9;6;15;3;41;11;3;8;3;5;8;4;3;12;0
214;MN;2020;V;1;31;555;207;I;953;619;334;334;3;7;324;12;2;6;7;87;10;123;13;0;9;12;6;20;3;55;11;8;8;8;5;3;4;1;12;1
216;MN;2020;V;1;31;555;209;I;998;714;284;284;0;3;281;12;2;6;7;61;10;132;13;0;9;9;6;19;3;38;11;4;8;3;5;8;4;1;12;0
223;MN;2020;V;1;31;555;216;I;969;653;316;316;3;3;310;12;2;4;7;101;10;89;13;0;9;19;6;17;3;64;11;2;8;5;5;8;4;1;12;0
234;MN;2020;V;1;31;555;227;I;767;475;292;292;5;1;286;12;2;4;7;96;10;96;13;0;9;16;6;12;3;49;11;4;8;2;5;5;4;2;12;0
238;MN;2020;V;1;31;555;231;I;897;523;374;374;0;8;366;12;2;2;7;53;10;240;13;1;9;11;6;14;3;34;11;1;8;5;5;5;4;0;12;0
249;MN;2020;V;1;31;555;242;I;1369;954;415;415;2;2;411;12;2;4;7;83;10;217;13;0;9;21;6;17;3;50;11;6;8;6;5;6;4;1;12;0
251;MN;2020;V;1;31;555;244;I;1027;632;395;394;5;1;389;12;2;1;7;80;10;184;13;0;9;6;6;23;3;66;11;5;8;8;5;14;4;1;12;1
253;MN;2020;V;1;31;555;246;I;806;451;355;355;3;2;350;12;2;0;7;62;10;170;13;0;9;13;6;11;3;77;11;6;8;2;5;5;4;3;12;1
255;MN;2020;V;1;31;555;248;I;898;534;364;364;1;1;362;12;2;7;7;78;10;144;13;0;9;19;6;22;3;55;11;6;8;19;5;11;4;1;12;0
258;MN;2020;V;1;31;555;251;I;881;528;353;353;1;3;349;12;2;3;7;82;10;171;13;0;9;16;6;8;3;55;11;7;8;2;5;2;4;2;12;1
260;MN;2020;V;1;31;555;253;I;1028;630;398;398;3;1;394;12;2;6;7;85;10;206;13;1;9;8;6;16;3;51;11;2;8;11;5;7;4;1;12;0
106;MN;2020;V;1;31;555;103;I;783;623;160;160;2;3;155;12;2;6;7;37;10;44;13;0;9;19;6;8;3;30;11;2;8;1;5;5;4;3;12;0
108;MN;2020;V;1;31;555;105;I;556;444;112;112;3;2;107;12;2;2;7;11;10;34;13;2;9;13;6;10;3;18;11;1;8;6;5;7;4;2;12;1
115;MN;2020;V;1;31;555;112;I;1118;661;457;457;3;5;449;12;2;4;7;85;10;159;13;1;9;22;6;27;3;92;11;2;8;8;5;49;4;0;12;0
117;MN;2020;V;1;31;555;113;I;841;510;331;331;4;3;324;12;2;8;7;122;10;87;13;0;9;11;6;11;3;60;11;4;8;1;5;17;4;1;12;2
130;MN;2020;V;1;31;555;126;I;1023;552;471;471;4;5;462;12;2;11;7;186;10;122;13;0;9;18;6;22;3;84;11;6;8;4;5;7;4;2;12;0
132;MN;2020;V;1;31;555;128;I;549;304;245;245;1;3;241;12;2;5;7;100;10;56;13;0;9;19;6;11;3;35;11;3;8;3;5;7;4;1;12;1
133;MN;2020;V;1;31;555;129;I;1157;669;488;488;1;5;482;12;2;12;7;161;10;119;13;0;9;32;6;16;3;103;11;5;8;8;5;18;4;5;12;3
136;MN;2020;V;1;31;555;132;I;973;740;233;233;2;5;226;12;2;10;7;43;10;80;13;1;9;30;6;21;3;29;11;2;8;3;5;7;4;0;12;0
139;MN;2020;V;1;31;555;135;I;964;741;223;224;0;5;218;12;2;5;7;38;10;86;13;2;9;14;6;17;3;43;11;5;8;3;5;4;4;1;12;0
150;MN;2020;V;1;31;555;146;I;885;638;247;247;1;7;239;12;2;3;7;57;10;98;13;0;9;12;6;10;3;44;11;5;8;3;5;7;4;0;12;0
151;MN;2020;V;1;31;555;147;I;1070;684;386;387;0;2;384;12;2;2;7;50;10;228;13;0;9;8;6;9;3;44;11;5;8;5;5;31;4;2;12;0
155;MN;2020;V;1;31;555;151;I;1101;666;435;435;3;2;430;12;2;5;7;152;10;104;13;0;9;26;6;13;3;100;11;4;8;8;5;15;4;2;12;1
159;MN;2020;V;1;31;555;155;I;914;539;375;375;2;2;371;12;2;7;7;127;10;111;13;2;9;16;6;9;3;80;11;1;8;3;5;8;4;4;12;3
163;MN;2020;V;1;31;555;159;I;1017;569;448;448;4;1;443;12;2;5;7;139;10;152;13;2;9;23;6;9;3;90;11;3;8;6;5;12;4;2;12;0
166;MN;2020;V;1;31;555;162;I;951;616;335;335;3;4;328;12;2;5;7;95;10;102;13;0;9;20;6;11;3;74;11;6;8;4;5;6;4;0;12;5
168;MN;2020;V;1;31;555;164;I;568;406;162;162;2;0;160;12;2;1;7;52;10;48;13;0;9;17;6;2;3;33;11;2;8;1;5;1;4;3;12;0
169;MN;2020;V;1;31;555;165;I;1370;850;520;520;4;5;511;12;2;3;7;153;10;165;13;1;9;22;6;30;3;107;11;4;8;7;5;16;4;3;12;0
171;MN;2020;V;1;31;555;167;I;1121;686;435;435;2;4;429;12;2;6;7;120;10;146;13;0;9;29;6;24;3;81;11;3;8;9;5;11;4;0;12;0
177;MN;2020;V;1;31;555;173;I;953;538;415;415;2;4;409;12;2;6;7;108;10;161;13;0;9;23;6;15;3;79;11;3;8;1;5;11;4;2;12;0
178;MN;2020;V;1;31;555;174;I;874;533;341;341;2;2;337;12;2;8;7;94;10;95;13;0;9;31;6;22;3;70;11;3;8;8;5;4;4;2;12;0
179;MN;2020;V;1;31;555;175;I;843;605;238;238;3;4;231;12;2;2;7;45;10;83;13;0;9;14;6;13;3;54;11;2;8;6;5;7;4;3;12;2
181;MN;2020;V;1;31;555;177;I;954;596;358;358;0;6;352;12;2;3;7;84;10;106;13;0;9;22;6;23;3;87;11;9;8;0;5;14;4;1;12;3
190;MN;2020;V;1;31;555;185;I;1131;807;324;325;0;8;316;12;2;2;7;61;10;115;13;0;9;25;6;31;3;51;11;2;8;12;5;15;4;1;12;1
196;MN;2020;V;1;31;555;191;I;1006;674;332;332;5;6;321;12;2;7;7;110;10;94;13;0;9;21;6;16;3;52;11;4;8;4;5;12;4;1;12;0
1;MN;2020;V;1;31;555;1;I;901;574;327;327;5;1;321;12;2;1;7;83;10;137;13;0;9;32;6;12;3;43;11;1;8;4;5;6;4;1;12;1
2;MN;2020;V;1;31;555;2;I;895;535;360;360;1;2;357;12;2;5;7;117;10;139;13;0;9;12;6;1;3;63;11;1;8;4;5;11;4;4;12;0
3;MN;2020;V;1;31;555;3;I;719;417;302;302;1;1;300;12;2;5;7;102;10;105;13;2;9;14;6;6;3;54;11;4;8;4;5;2;4;1;12;1
5;MN;2020;V;1;31;555;5;I;762;462;300;300;3;3;294;12;2;5;7;86;10;108;13;0;9;12;6;9;3;56;11;1;8;4;5;12;4;1;12;0
7;MN;2020;V;1;31;555;7;I;823;478;345;345;3;0;342;12;2;2;7;80;10;184;13;1;9;8;6;16;3;36;11;1;8;4;5;10;4;0;12;0
14;MN;2020;V;1;31;555;14;I;1028;665;363;362;5;0;358;12;2;7;7;134;10;99;13;0;9;14;6;14;3;70;11;2;8;4;5;11;4;3;12;0
17;MN;2020;V;1;31;555;17;I;1110;643;467;467;2;1;464;12;2;5;7;148;10;171;13;0;9;14;6;6;3;101;11;2;8;8;5;8;4;1;12;0
19;MN;2020;V;1;31;555;19;I;798;454;344;344;4;2;338;12;2;7;7;126;10;102;13;0;9;22;6;7;3;54;11;3;8;6;5;6;4;3;12;2
27;MN;2020;V;1;31;555;27;I;1104;621;483;483;2;5;476;12;2;16;7;188;10;113;13;0;9;14;6;16;3;107;11;5;8;2;5;13;4;2;12;0
34;MN;2020;V;1;31;555;34;I;691;405;286;286;2;1;283;12;2;2;7;80;10;128;13;0;9;13;6;11;3;39;11;0;8;7;5;3;4;0;12;0
42;MN;2020;V;1;31;555;42;I;1020;568;452;452;3;5;444;12;2;13;7;165;10;109;13;2;9;29;6;13;3;89;11;2;8;11;5;8;4;1;12;2
44;MN;2020;V;1;31;555;44;I;1111;603;508;508;1;3;504;12;2;3;7;179;10;179;13;1;9;16;6;11;3;96;11;1;8;6;5;11;4;0;12;1
51;MN;2020;V;1;31;555;51;I;975;575;400;400;3;3;394;12;2;1;7;77;10;226;13;0;9;7;6;11;3;56;11;3;8;6;5;7;4;0;12;0
78;MN;2020;V;1;31;555;77;I;896;565;331;331;1;2;328;12;2;7;7;116;10;100;13;0;9;17;6;4;3;70;11;5;8;1;5;3;4;1;12;4
79;MN;2020;V;1;31;555;78;I;1005;584;421;421;3;1;417;12;2;7;7;152;10;115;13;1;9;29;6;15;3;81;11;4;8;3;5;8;4;1;12;1
82;MN;2020;V;1;31;555;81;I;915;673;242;242;1;2;239;12;2;4;7;78;10;74;13;0;9;13;6;11;3;45;11;1;8;3;5;8;4;2;12;0
83;MN;2020;V;1;31;555;081A;I;991;626;365;365;4;3;358;12;2;11;7;114;10;99;13;0;9;30;6;17;3;76;11;3;8;5;5;1;4;1;12;1
90;MN;2020;V;1;31;555;87;I;804;646;158;158;0;8;150;12;2;5;7;15;10;43;13;0;9;17;6;15;3;34;11;4;8;5;5;11;4;1;12;0
93;MN;2020;V;1;31;555;90;I;793;516;277;277;2;5;270;12;2;1;7;55;10;141;13;1;9;18;6;12;3;26;11;6;8;1;5;9;4;0;12;0
97;MN;2020;V;1;31;555;94;I;653;537;116;116;0;1;115;12;2;0;7;21;10;37;13;0;9;17;6;6;3;22;11;0;8;0;5;12;4;0;12;0
98;MN;2020;V;1;31;555;95;I;866;661;205;205;7;5;193;12;2;2;7;38;10;60;13;1;9;27;6;7;3;37;11;5;8;7;5;5;4;3;12;1
209;MN;2020;V;1;31;555;202;I;884;473;411;411;1;0;410;12;2;8;7;189;10;92;13;0;9;22;6;4;3;71;11;6;8;4;5;10;4;1;12;3
215;MN;2020;V;1;31;555;208;I;1021;705;316;314;7;6;303;12;2;8;7;76;10;110;13;1;9;24;6;21;3;48;11;2;8;6;5;5;4;2;12;0
219;MN;2020;V;1;31;555;212;I;1138;694;444;444;4;2;438;12;2;7;7;114;10;185;13;0;9;12;6;18;3;78;11;5;8;8;5;8;4;2;12;1
229;MN;2020;V;1;31;555;222;I;361;234;127;127;1;2;124;12;2;0;7;34;10;41;13;0;9;5;6;2;3;29;11;0;8;1;5;12;4;0;12;0
231;MN;2020;V;1;31;555;224;I;1135;655;480;480;5;4;471;12;2;2;7;72;10;306;13;0;9;12;6;12;3;57;11;1;8;2;5;6;4;0;12;1
236;MN;2020;V;1;31;555;229;I;951;555;396;396;1;3;392;12;2;0;7;50;10;252;13;0;9;8;6;16;3;45;11;7;8;7;5;6;4;1;12;0
242;MN;2020;V;1;31;555;235;I;936;522;414;414;5;4;405;12;2;5;7;74;10;227;13;0;9;11;6;14;3;62;11;0;8;4;5;6;4;1;12;1
250;MN;2020;V;1;31;555;243;I;1272;872;400;400;5;10;385;12;2;3;7;66;10;172;13;3;9;25;6;23;3;72;11;4;8;7;5;7;4;3;12;0
254;MN;2020;V;1;31;555;247;I;995;564;431;430;3;2;426;12;2;6;7;95;10;204;13;0;9;14;6;13;3;74;11;2;8;8;5;9;4;1;12;0
259;MN;2020;V;1;31;555;252;I;900;622;278;278;2;0;276;12;2;2;7;42;10;149;13;1;9;10;6;18;3;36;11;5;8;4;5;9;4;0;12;0
263;MN;2020;V;1;31;555;256;I;1068;661;407;407;2;2;403;12;2;8;7;138;10;137;13;0;9;23;6;12;3;54;11;6;8;4;5;8;4;9;12;4
103;MN;2020;V;1;31;555;100;I;718;552;166;166;1;0;165;12;2;2;7;36;10;62;13;2;9;20;6;3;3;35;11;1;8;1;5;1;4;2;12;0
105;MN;2020;V;1;31;555;102;I;896;786;110;110;0;4;106;12;2;1;7;7;10;26;13;1;9;30;6;6;3;30;11;1;8;0;5;4;4;0;12;0
110;MN;2020;V;1;31;555;107;I;1035;766;269;269;2;6;261;12;2;1;7;63;10;112;13;1;9;12;6;18;3;27;11;3;8;4;5;16;4;3;12;1
120;MN;2020;V;1;31;555;116;I;894;465;429;429;2;2;425;12;2;8;7;170;10;94;13;0;9;20;6;14;3;95;11;2;8;4;5;13;4;5;12;0
125;MN;2020;V;1;31;555;121;I;1067;608;459;459;0;4;455;12;2;4;7;183;10;110;13;1;9;18;6;9;3;97;11;7;8;11;5;14;4;1;12;0
138;MN;2020;V;1;31;555;134;I;1073;758;315;315;2;5;308;12;2;8;7;60;10;123;13;0;9;19;6;15;3;68;11;7;8;6;5;1;4;1;12;0
140;MN;2020;V;1;31;555;136;I;1160;734;426;425;2;6;418;12;2;7;7;81;10;163;13;1;9;24;6;17;3;104;11;4;8;4;5;10;4;2;12;1
142;MN;2020;V;1;31;555;138;I;1050;671;379;379;1;4;374;12;2;2;7;59;10;188;13;0;9;17;6;27;3;54;11;5;8;2;5;19;4;1;12;0
167;MN;2020;V;1;31;555;163;I;659;490;169;169;3;2;164;12;2;1;7;43;10;42;13;0;9;27;6;11;3;28;11;3;8;4;5;3;4;2;12;0
174;MN;2020;V;1;31;555;170;I;859;503;356;356;5;7;344;12;2;7;7;108;10;112;13;0;9;20;6;14;3;65;11;1;8;7;5;8;4;2;12;0
175;MN;2020;V;1;31;555;171;I;1006;575;431;431;8;3;420;12;2;1;7;101;10;159;13;0;9;13;6;17;3;94;11;5;8;10;5;19;4;1;12;0
176;MN;2020;V;1;31;555;172;I;1146;707;439;439;0;1;438;12;2;2;7;117;10;155;13;0;9;24;6;15;3;87;11;4;8;14;5;18;4;0;12;2
182;MN;2020;V;1;31;555;178;I;686;501;185;185;1;3;181;12;2;4;7;28;10;73;13;0;9;16;6;16;3;31;11;3;8;3;5;5;4;2;12;0
183;MN;2020;V;1;31;555;179;I;934;627;307;307;1;3;303;12;2;8;7;71;10;111;13;0;9;19;6;17;3;65;11;5;8;3;5;3;4;1;12;0
188;MN;2020;V;1;31;555;183;I;1240;882;358;358;2;6;350;12;2;2;7;66;10;133;13;0;9;26;6;37;3;61;11;7;8;6;5;6;4;6;12;0
